decision_date,sox_mom_1m,sox_mom_3m,sox_mom_12m,sox_realized_vol_1m,nasdaq_ret_1m,vix_level,vix_chg_1m,term_spread,dollar_chg_1m,ip_growth_yoy,ip_growth_1m,cap_util_level,cap_util_chg_3m,ppi_growth_yoy,import_price_growth_yoy,export_price_growth_yoy,price_pressure_dispersion,electronics_inventory_growth_yoy,electronics_orders_growth_yoy,gpr_level,gpr_chg_3m,mkt_rf,smb,hml,rv_lag1,rv_lag_avg3,rv_lag_avg12,sox_excess_ret_h1,sox_excess_ret_h3,sox_excess_ret_h6,sox_rv_next,sox_downside_h3,sox_realized_vol,n_trading_days,NASDAQSOX,demand_growth_yoy,demand_growth_1m,equip_growth_yoy,reporter_count,median_inventory_intensity,median_rd_intensity,median_gross_margin,n_firms_reporting
2006-01-31,,,,,,12.95,,0.0600000000000005,,,,81.2559,,,,,,,,95.35025024414062,,-0.0024,-0.0025,0.0015,0.0836686138162593,,,-3.996354477266308,-0.75043066163647,-24.410677448547162,0.11018082981927196,0.0,0.0836686138162593,20.0,515.57,,,,,,,,
2006-02-28,-0.03676354477266308,,,,-0.010651455229639062,12.34,-0.6099999999999994,-0.07000000000000028,0.0033975833961212842,,0.004944495389592074,81.0042,,,,,,,,94.51001739501953,,0.030299999999999997,0.0583,0.009899999999999999,0.11018082981927196,,,-5.352744731825803,-7.763143053485495,-12.349679448967347,0.14598442860649372,0.0,0.11018082981927196,18.0,496.96,,,,,,,,
2006-03-31,-0.050027447318258034,,,,0.025276275424044314,11.39,-0.9499999999999993,0.23000000000000043,0.007892038895644937,,0.013504094790033117,81.465,,,,,,,,95.85819244384766,,-0.003,-0.0046,-0.0031,0.14598442860649372,0.11327795741400833,,8.598668547455642,-7.850589546313376,-6.18442318110993,0.18160367996538423,0.0,0.14598442860649372,23.0,472.71,,,,,,,,
2006-04-30,0.08938668547455642,0.0025956933836353002,,,-0.007386850565597847,11.59,0.1999999999999993,0.3000000000000007,-0.024347306264787427,,-0.0065602844901301305,80.2916,-0.9642999999999944,,,,,,,92.79762268066406,-2.5526275634765625,0.0147,0.0334,0.0060999999999999995,0.18160367996538423,0.14592297946371666,,-11.009066869115331,-23.660246786910694,-14.449396385619234,0.12083088777464503,0.0,0.18160367996538423,19.0,516.91,,,,,,,,
2006-05-31,-0.10639066869115332,-0.06703143053485494,,,-0.0638633478746069,16.44,4.850000000000001,0.2599999999999998,-0.0037843624695383937,,-0.006157293341287895,79.1161,-1.8880999999999943,,,,,,,89.01580047607422,-5.4942169189453125,0.0073,-0.0079,0.0226,0.12083088777464503,0.14947299878217432,,-5.440191224653685,-4.586536395481853,0.6064240767233553,0.09114367035164202,0.0,0.12083088777464503,22.0,464.74,,,,,,,,
2006-06-30,-0.05080191224653685,-0.06780589546313376,,,-0.0031211456351538658,13.08,-3.360000000000001,0.14000000000000057,0.004875052253026979,,0.007881773399014635,78.9569,-2.508099999999999,,,,,,,85.20877838134766,-10.6494140625,-0.0356,-0.028999999999999998,0.023799999999999998,0.09114367035164202,0.13119274603055708,,-7.210988693141676,1.6661663652034453,3.2921143955840284,0.09449939858076745,0.0,0.09114367035164202,22.0,441.72,,,,,,,,
2006-07-31,-0.06780988693141676,-0.22500246786910694,,0.06648028850443088,-0.03782266965248038,14.95,1.8699999999999992,-0.10999999999999943,-0.0025345507711040938,,0.005901475368842446,78.4989,-1.7926999999999964,,,,,,,102.57276916503906,9.775146484375,-0.0034000000000000002,-0.0024,0.0085,0.09449939858076745,0.10215798556901816,,8.064643522313508,9.210850401291458,8.14313827362709,0.07725257973986822,0.0,0.09449939858076745,20.0,412.76,,,,,,,,
2006-08-31,0.08464643522313509,-0.03396536395481853,,0.08301286009994874,0.04317641444129894,12.31,-2.639999999999999,-0.3099999999999996,-0.0036351855270684297,,0.0021198410797176326,77.5817,-1.534400000000005,,,,,,,137.13482666015625,48.11902618408203,-0.0077,-0.036000000000000004,0.0262,0.07725257973986822,0.08763188289075924,,0.812511536031613,5.1929604722052085,2.8144758201462188,0.07340478271257414,0.0,0.07725257973986822,23.0,449.22,,,,,,,,
2006-09-30,0.01212511536031613,0.028961663652034453,,0.08191279184501123,0.033626299143485916,11.98,-0.33000000000000007,-0.25,0.004714199425388088,,0.03494172620336311,78.9783,0.021399999999999864,,,,,,,147.08111572265625,61.872337341308594,0.0203,0.0045000000000000005,-0.0195,0.07340478271257414,0.08171892034440327,,0.3336953429463367,1.625948030380583,-0.1375399479321615,0.06633353834215625,0.0,0.07340478271257414,20.0,454.7,,,,,,,,
2006-10-31,0.007536953429463367,0.10430850401291458,,0.06846750134923439,0.046830923461075535,11.1,-0.8800000000000008,-0.46999999999999975,-0.0073178481558615616,,0.025503466850286927,79.4465,0.9475999999999942,,,,,,,111.72425842285156,9.1514892578125,0.0184,-0.0139,0.0007000000000000001,0.06633353834215625,0.0723303002648662,,4.046753593227258,-1.0677121276643697,4.861264852179166,0.0617291463055152,0.0,0.06633353834215625,22.0,458.14,,,,,,,,
2006-11-30,0.044567535932272584,0.06422960472205208,,0.057238919195324645,0.027118582192559693,10.91,-0.1899999999999995,-0.5700000000000003,-0.008374626195269741,,0.01433847121469034,78.8206,1.238900000000001,,,,,,,113.13529968261719,-23.999526977539062,0.0322,0.0197,-0.0033,0.0617291463055152,0.0671558224534152,,-2.7545009057930123,-2.3784846520589893,-0.5694299334847734,0.04274794344564071,0.0,0.0617291463055152,20.0,479.02,,,,,,,,
2006-12-31,-0.023445009057930122,0.02865948030380583,,0.05281967724526977,-0.006800024552344297,11.56,0.6500000000000004,-0.3099999999999996,0.0046826396930361724,,0.013033914992563345,77.8873,-1.0910000000000082,,,,,,,88.77892303466797,-58.30219268798828,0.017,0.0062,0.0003,0.04274794344564071,0.056936876031104054,0.09578162495501819,-2.359964815098616,-1.7634879783127444,4.3528070242581,0.057704848116221896,0.0,0.04274794344564071,20.0,467.92,,,,,,,,
2007-01-31,-0.01939964815098616,0.0017228787233563025,-0.11637539174920075,0.04100572510070246,0.019938273465911927,10.42,-1.1400000000000006,-0.29000000000000004,0.009567487973567879,0.1267965844734551,0.011286373637281022,76.659,-2.7874999999999943,0.009345794392523255,-0.005999999999999894,-0.05400000000000005,0.03304588494996376,0.051470588235293935,0.07422266800401212,90.60655975341797,-21.117698669433594,0.0085,-0.008100000000000001,0.0275,0.057704848116221896,0.0540606459557926,0.09361797781334841,2.7359810688326385,5.928976979843536,5.886871055903633,0.05477260936990898,0.0,0.057704848116221896,20.0,458.93,,,,,,,,
2007-02-28,0.031359810688326384,-0.011484846520589898,-0.048252036288211286,0.026966177408503076,-0.01958227193879658,15.42,5.0,-0.6000000000000005,-0.007432312266439922,0.1306526902724663,0.00838360085880785,75.0835,-3.737099999999998,0.010723860589812562,-0.0030120481927710108,-0.05236656596173217,0.03317867170524367,-0.02684563758389269,0.1948376353039134,97.9200439453125,-15.215255737304688,0.0138,0.0002,-0.0068000000000000005,0.05477260936990898,0.05174180031059052,0.08900062610923481,-2.1395042320467668,1.8090547185742167,2.421744263833272,0.05006886021741116,0.0,0.05477260936990898,19.0,473.55,,,,,,,,
2007-03-31,-0.016995042320467668,-0.005034879783127444,-0.01521963129042092,0.028803939391812364,0.0022696323555537745,14.64,-0.7799999999999994,-0.3899999999999997,-0.009509420073846364,0.13400625262976917,0.016510189597485514,74.0085,-3.8787999999999982,-0.02288021534320328,-0.01307847082494984,-0.039674465920650936,0.013450328392457989,0.04477611940298498,0.18796992481203012,96.16935729980469,7.390434265136719,-0.0196,0.013300000000000001,-0.0009,0.05006886021741116,0.05418210590118067,0.08100766207681127,5.332500143057664,6.116295002570844,4.692562087249237,0.07290222201930437,0.0,0.05006886021741116,22.0,465.57,,,,,,,,
2007-04-30,0.05712500143057664,0.07148976979843535,-0.0474813153344007,0.03620626019050441,0.0418317090628868,14.22,-0.41999999999999993,-0.28000000000000025,-0.015503975646675272,0.18650405097073008,0.03943011258906992,74.5074,-2.151600000000002,-0.04021447721179627,-0.022110552763819125,-0.03767820773930752,0.00980252199428793,0.03649635036496335,-0.009311443273707476,87.33650207519531,-3.2700576782226562,0.0070999999999999995,0.0014000000000000002,-0.0089,0.07290222201930437,0.05924789720220817,0.07194920724797128,-1.3839411924366802,-0.0421059239399022,-8.681843064561754,0.04618560943490355,0.0,0.07290222201930437,20.0,492.94,,,,,,,,
2007-05-31,-0.009539411924366803,0.030590547185742167,0.04936994143238582,0.033141249795320134,0.030971691534248613,13.05,-1.17,0.16999999999999993,-0.005445196845872857,0.2403390995532133,0.03893616449608284,74.9455,-0.13800000000000523,-0.046666666666666634,-0.03542510121457487,-0.02862985685071573,0.0091092869105747,-0.034482758620689724,-0.05871643149749661,76.6133804321289,-21.306663513183594,0.0349,-0.0208,-0.0144,0.04618560943490355,0.0563855638905397,0.06572876738632616,2.1677360519498605,0.6126895452590553,-18.74820912864876,0.06388068570424728,0.0,0.04618560943490355,21.0,488.26,,,,,,,,
2007-06-30,0.026077360519498605,0.07366295002570844,0.12624921419842128,0.03129837621143991,-0.0004954154966672064,16.23,3.1799999999999997,0.20999999999999996,-0.0019335591992089007,0.25595035122416965,0.020567252736697128,74.0883,0.07980000000000587,-0.05984042553191493,-0.038461538461538436,-0.024640657084188944,0.01773460493492973,0.007194244604316502,0.1006989386487187,92.5995864868164,-3.5697708129882812,0.032400000000000005,0.0033,-0.0058,0.06388068570424728,0.06098950571948506,0.06345685199904327,-0.8259007834530825,-1.4237329153216072,-22.82602025630332,0.06292222455944461,0.0,0.06388068570424728,21.0,501.16,,,,,,,,
2007-07-31,-0.004159007834530826,0.012378940760600976,0.18990009329530722,0.028815046998217107,-0.022123438477746227,23.52,7.289999999999999,-0.17999999999999972,-0.007601639669756466,0.28383722874848005,0.028236316246742055,73.8933,-0.6141000000000076,-0.054593874833555156,-0.04646464646464643,-0.017525773195876337,0.019483270169391883,-0.014388489208632893,-0.008871365204534243,97.9723129272461,10.635810852050781,-0.0196,0.006999999999999999,-0.0104,0.06292222455944461,0.057662839899531824,0.06082542083059969,-0.7291457232377226,-8.639737140621852,-35.14440150545421,0.07228692503594238,0.0,0.06292222455944461,20.0,499.08,,,,,,,,
2007-08-31,-0.003291457232377226,0.018626895452590553,0.1019622008397949,0.028098153997544072,0.01948092089551068,23.38,-0.14000000000000057,0.5300000000000002,0.002576249274901521,0.3282276105939237,0.036769469088860696,74.4972,-0.44829999999998904,-0.07304116865869859,-0.0464177598385469,-0.00935550935550944,0.03198509941872471,-0.0273972602739726,0.0237868696479544,112.34625244140625,35.732872009277344,-0.037200000000000004,-0.030699999999999998,-0.0371,0.07228692503594238,0.06636327843321142,0.060411616271939216,0.13131359136919796,-19.360898673907815,-37.78287986957677,0.060585077774291576,0.0,0.07228692503594238,23.0,497.44,,,,,,,,
2007-09-30,0.00531313591369198,-0.002137329153216072,0.09515022139317075,0.025447997733502446,0.03969671019017529,18.0,-5.379999999999999,0.77,-0.029499679897037723,0.30477340178419654,0.016666440281984718,73.8985,-0.1898000000000053,-0.08233731739707839,-0.042424242424242475,0.0021097046413502962,0.04224457662664542,-0.04929577464788726,0.1620320855614974,83.17320251464844,-9.426383972167969,0.009399999999999999,-0.0034000000000000002,-0.0189,0.060585077774291576,0.06526474245655951,0.059343307527082334,-8.041905008753327,-21.40228734098171,-39.31208586680824,0.07659675072929424,0.0,0.060585077774291576,19.0,500.09,,,,,,,,
2007-10-31,-0.07621905008753327,-0.07419737140621852,0.011394217876174118,0.034640477565921826,0.056706710875094934,18.53,0.5300000000000011,0.5400000000000005,-0.020054702616282505,0.30156686257761023,0.02298324604531854,74.0572,0.16389999999999816,-0.09630606860158308,-0.04233870967741937,0.0021074815595363283,0.049283476947209394,-0.028368794326240954,-0.03826045627376429,94.4888687133789,-3.4834442138671875,0.0322,-0.0245,-0.0213,0.07659675072929424,0.06982291784650939,0.06019857522601049,-11.450307256523686,-26.50466436483236,-20.081019976451906,0.07254916043002159,0.0,0.07659675072929424,23.0,463.39,,,,,,,,
2007-11-30,-0.11130307256523686,-0.18220898673907815,-0.14447639062133533,0.05380382261923963,-0.07182692523738599,22.87,4.34,0.8200000000000003,0.005396071833523308,0.33849634455453836,0.04311839437364706,76.0151,1.5178999999999974,-0.10198675496688747,-0.0461847389558232,-0.001054852320675037,0.05055989950936892,-0.047945205479452135,0.038903210686665135,101.47301483154297,-10.873237609863281,0.0179,-0.0005,-0.0282,0.07254916043002159,0.0699103296445358,0.06110024306971936,-1.9100750757047,-18.42198119566895,-0.534755682975766,0.053036552858441034,0.0,0.07254916043002159,21.0,414.58,,,,,,,,
2007-12-31,-0.015900750757047,-0.20342287340981713,-0.1369321323204522,0.04788405246809788,-0.0032673124955096,22.5,-0.370000000000001,0.6800000000000002,0.00010264901410206306,0.37563483266886144,0.0411419842931775,78.2437,4.3452000000000055,-0.10477453580901863,-0.04509018036072143,0.004223864836325086,0.054581359275577314,-0.04929577464788726,0.08140422284406013,89.79544830322266,6.622245788574219,-0.048,-0.0291,-0.0109,0.053036552858441034,0.06739415467258562,0.06195762718745273,-13.144282032603975,-17.909798525826528,,0.09823666141266038,0.0,0.053036552858441034,20.0,408.04,,,,,,,,
2008-01-31,-0.12804282032603975,-0.2552466436483236,-0.2455753044955058,0.05795806276691141,-0.104184860622345,26.2,3.6999999999999993,1.71,-0.010945499551458404,0.40939372252325934,0.03610393749079277,80.524,6.466800000000006,-0.11507936507936489,-0.046277665995975936,0.011627906976744207,0.06343167186030581,-0.055944055944055826,-0.07072829131652658,94.96749114990234,0.4786224365234375,-0.0087,0.0019,-0.0048,0.09823666141266038,0.07460745823370767,0.06533527829548925,-3.3676240873602734,6.423644388380455,,0.10537357861522233,0.0,0.09823666141266038,21.0,359.0,,,,,,,,
2008-02-29,-0.030976240873602734,-0.17491981195668949,-0.3079113560574349,0.05399341139924816,-0.05080318539784656,26.54,0.33999999999999986,1.6799999999999997,-0.01694158541680313,0.40440028388928306,0.004810928758791855,80.737,4.721899999999991,-0.11538461538461542,-0.07754279959718025,0.01700318809776835,0.06818782555338576,-0.08965517241379306,0.012543554006968716,81.49982452392578,-19.973190307617188,-0.0632,-0.0059,0.04019999999999999,0.10537357861522233,0.08554893096210792,0.06955202573259871,-1.3978924058622786,17.88722551269318,,0.09523734656021217,0.0,0.10537357861522233,20.0,348.05,,,,,,,,
2008-03-31,-0.011878924058622786,-0.17089798525826527,-0.30279523779559003,0.05018658665455158,0.0033490267711568933,25.61,-0.9299999999999997,2.0700000000000003,-0.005490843718307659,0.4309903210105088,0.03575615813335631,83.8318,5.588099999999997,-0.08126721763085387,-0.06727828746177367,0.019067796610169552,0.05434220502914971,-0.02857142857142847,-0.029611211573236873,80.75146484375,-9.043983459472656,-0.030899999999999997,-0.0062,-0.0070999999999999995,0.09523734656021217,0.09961586219603162,0.07331606626116546,11.189160881603007,,,0.11016826240711938,,0.09523734656021217,20.0,343.94,,,,1.0,,,,
2008-04-30,0.11319160881603008,0.07033644388380456,-0.2467286304101366,0.08631398262907972,0.057007270636352025,20.79,-4.82,2.34,0.002334387517409553,0.4182528624452555,0.030177989918365622,86.9173,6.393299999999996,-0.06843575418994408,-0.06474820143884885,0.00846560846560851,0.04337372396643492,-0.021126760563380254,0.12540192926045024,77.63613891601562,-17.33135223388672,-0.009399999999999999,0.0064,0.0034000000000000002,0.11016826240711938,0.10359306252751795,0.07642156962681672,8.095957036952454,,,0.05352381621071157,,0.11016826240711938,22.0,385.16,,-0.020862444648205525,,1.0,,,,
2008-05-31,0.08265957036952454,0.18397225512693183,-0.15452964811624526,0.08646354276720103,0.04452600154034414,17.83,-2.960000000000001,2.17,-0.003924103764082254,0.3739604615162946,0.006489921406456434,88.3076,7.570599999999999,-0.06853146853146863,-0.044071353620146914,0.001052631578947416,0.035299712581217876,-0.014285714285714346,0.012330754352031015,71.9048080444336,-9.595016479492188,0.0461,-0.012,-0.009899999999999999,0.05352381621071157,0.08630980839268104,0.07703308685813405,,,-75.64399848607756,,,0.05352381621071157,13.0,418.35,,0.05169449030371087,,1.0,,,,
2008-06-30,,,,,-0.09546161873210934,23.95,6.120000000000001,2.0900000000000003,0.002442987150826248,0.35546264118158133,0.006827214206198473,89.8822,6.050399999999996,-0.057991513437058106,-0.03894736842105262,-0.001052631578947305,0.02898484318563457,-0.02857142857142847,-0.022812793979303803,72.57379913330078,-8.177665710449219,0.0187,0.0301,-0.015700000000000002,,,,,,,,,,,,,-0.01841148670984527,,1.0,,,,
2008-07-31,,,,,0.014104288563667744,22.94,-1.009999999999998,2.3100000000000005,0.00108974384527194,0.3220109843683989,0.002860324811114534,91.1474,4.230100000000007,-0.06197183098591552,-0.04025423728813571,0.014690451206715638,0.039513031986929556,0.014598540145985162,0.09273993038289419,87.54842376708984,9.912284851074219,-0.0843,0.0116,-0.024900000000000002,,,,,,,,,,,,,-0.06526151607157826,,1.0,,,,
2008-08-31,,,,,0.017886423568683973,20.65,-2.2900000000000027,2.1100000000000003,0.0361798377499305,0.24229160158107077,-0.02574939281605526,89.7058,1.3982000000000028,-0.05157593123209159,-0.050793650793650724,-0.006295907660020972,0.025919560314423197,-0.021126760563380254,-0.13173791821561343,89.73957061767578,17.834762573242188,-0.0075,0.0373,0.0521,,,,,,,,,,,,,-0.022094553134509698,,1.0,,,,
2008-09-30,,,,,-0.12377981059131038,39.39,18.740000000000002,2.93,0.025441805506329906,0.20956471782813169,-0.01011658261237991,89.4989,-0.3832999999999913,-0.04486251808972497,-0.04746835443037978,-0.00736842105263158,0.022437328838942693,0.06666666666666665,-0.06396686608375513,88.55410766601562,15.980308532714844,0.015300000000000001,0.0327,0.0151,,,,,,,,,,,,,0.5339861258704033,,1.0,,,,
2008-10-31,,,,,-0.19518671924965147,59.89,20.5,3.55,0.07694817112867636,0.15748368285810366,-0.02106402602351609,88.0432,-3.104200000000006,-0.039416058394160625,-0.05052631578947364,-0.013669821240799185,0.018906382244115817,0.029197080291970767,0.047195453422288036,88.54255676269531,0.9941329956054688,-0.0935,0.0037,0.0565,,,,,,,0.6063062361113947,,,,,,-0.37822389356341957,,1.0,,,,
2008-11-30,,,-0.7377875416905333,,-0.1139748163150438,55.84,-4.049999999999997,2.9200000000000004,0.01867461040966578,0.035104028746803406,-0.06716952604469317,82.2425,-7.46329999999999,-0.025073746312684442,-0.05368421052631578,-0.029567053854276604,0.015386063613578426,0.05755395683453246,-0.19783442364087522,64.15979766845703,-25.57977294921875,-0.172,-0.0304,-0.0192,0.6063062361113947,,,6.710942224419272,0.2726406843660202,31.23836606698139,0.17647872926446947,0.0,0.6063062361113947,19.0,198.24,,0.09893667280710594,,1.0,,,,
2008-12-31,0.06790942224419272,,-0.6539773686892936,,0.026641683646146497,40.0,-15.840000000000003,2.14,-0.029907580380692522,-0.10799012696055299,-0.10278686640822032,73.6221,-15.876800000000003,-0.0251851851851852,-0.0598111227701994,-0.033648790746582447,0.018051111644689116,0.12592592592592577,-0.20018819101387908,79.08097076416016,-9.473136901855469,-0.0774,-0.0397,-0.0621,0.17647872926446947,,,-1.8900541023275241,8.434018408931118,21.46363716747627,0.1606820798821054,0.0,0.17647872926446947,22.0,212.17,,-0.07652057332327389,,1.0,,,,
2009-01-31,-0.01860054102327524,,-0.5445350893865291,,-0.06592309271590047,44.84,4.840000000000003,2.63,0.034521756841562556,-0.23235799345388708,-0.10835414539118238,65.2616,-22.781599999999997,-0.022421524663677084,-0.056962025316455556,-0.040752351097178785,0.017281102016243256,0.07407407407407396,-0.15749811605124342,92.3664321899414,3.8238754272460938,0.0177,0.033,0.0002,0.1606820798821054,0.31448901508598986,,-4.548247437725728,21.61631217540518,37.03784203101792,0.13835434410828137,0.0,0.1606820798821054,20.0,208.26,,-0.11932092217557932,,1.0,,,,
2009-02-28,-0.045482474377257276,0.0038264068436602017,-0.5590413228901836,,-0.06910318300097362,46.35,1.509999999999998,2.76,0.027159977323701234,-0.25621588841722254,-0.026418046977176757,62.9394,-19.303100000000008,-0.028485757121439415,-0.03820960698689957,-0.040752351097178785,0.00647415543503571,0.2272727272727273,-0.31888047717366363,85.36947631835938,21.209678649902344,-0.0809,-0.0212,-0.1101,0.13835434410828137,0.15850505108495208,,14.87231994898437,30.965725382615368,43.03683395794431,0.1747157670077134,0.0,0.13835434410828137,19.0,199.0,,-0.22753088933283006,,1.0,,,,
2009-03-31,0.1487231994898437,0.08464018408931118,-0.3984391993417171,,0.1038286863260991,44.14,-2.210000000000001,2.5,-0.02462492586656495,-0.26264944015702363,0.026797119173800787,63.7908,-9.831300000000006,-0.02548725637181415,-0.041530054644808745,-0.03014553014553023,0.008253062957205265,0.19117647058823528,-0.34614488702539015,67.45267486572266,-11.6282958984375,-0.1014,-0.011699999999999999,-0.0659,0.1747157670077134,0.15791739699936672,,11.29223966414654,13.029618758545155,34.35021917906184,0.1287649731127304,0.0,0.1747157670077134,22.0,230.91,-0.3268066793087304,0.10646041811326401,-0.3985849364259181,1.0,,,,
2009-04-30,0.1130223966414654,0.21626312175405182,-0.3986084115162818,,0.11640754813622678,36.5,-7.640000000000001,3.02,-0.02244164344333477,-0.2574479831987355,0.037445125478793306,65.1045,-0.1570999999999998,-0.020989505247376417,-0.036263736263736246,-0.018887722980062915,0.009483718148092147,0.13669064748201443,-0.3318681318681319,72.64462280273438,-19.72180938720703,0.0901,0.0060999999999999995,0.0347,0.1287649731127304,0.14727836140957506,,4.801165769484459,15.421529855612734,13.676772372134975,0.11794203162744282,0.0,0.1287649731127304,21.0,258.54,-0.4295334234484164,-0.1702751171074287,-0.24544015853067058,1.0,,,,
2009-05-31,0.04821165769484459,0.3099572538261537,-0.43305632419096174,0.07461006691805035,0.03266959687320181,28.92,-7.579999999999998,3.33,-0.04951767095194182,-0.2427761674025395,0.026376790465429734,65.5411,2.601700000000001,-0.018018018018017834,-0.0318331503841931,-0.002103049421661285,0.014877404628945946,0.181159420289855,-0.31812753761643187,85.6884994506836,0.31902313232421875,0.1017,0.0708,0.0537,0.11794203162744282,0.14047425724929555,,-3.0637866750858453,12.071108575328935,13.297149624524145,0.10544742897206075,0.0,0.11794203162744282,20.0,271.31,-0.40734216859015815,0.09260559960731674,-0.5843085358792066,1.0,,,,
2009-06-30,-0.030537866750858456,0.13069618758545154,,0.08103816495119129,0.03364339275319406,26.35,-2.5700000000000003,3.34,0.011564273035759243,-0.23055126017204675,0.02308181259698805,65.6186,1.8278000000000034,-0.016516516516516422,-0.033953997809419434,0.005268703898840821,0.019651471156469015,0.19852941176470562,-0.3367027677496992,89.68086242675781,22.228187561035156,0.052000000000000005,-0.0227,0.0043,0.10544742897206075,0.11738481123741133,,13.68415076121412,21.320600420516687,31.272978839515893,0.0816594524189628,0.0,0.10544742897206075,22.0,263.15,-0.4402457876445376,-0.07290804914051852,-0.14907807805791295,1.0,,,,
2009-07-31,0.1368415076121412,0.15451529855612733,,0.08488940841535439,0.07527270220926674,25.92,-0.4299999999999997,3.34,-0.022279833412211403,-0.21387521837317314,0.024595028930223917,65.6847,0.5802000000000049,-0.018018018018017834,-0.030905077262693093,-0.016546018614271074,0.007899637581235653,0.12949640287769792,-0.29988623435722417,81.10958862304688,8.4649658203125,0.0042,0.022799999999999997,-0.0278,0.0816594524189628,0.10168297100615546,,1.4507444892006605,-1.744757483477758,4.599798863061717,0.07161613304744746,0.0,0.0816594524189628,22.0,301.74,-0.43329128230718483,-0.053648126423013975,-0.16970893778589458,1.0,,,,3.0
2009-08-31,0.014607444892006605,0.12091108575328935,,0.07231500364696153,0.01532796914826573,26.01,0.08999999999999986,3.25,0.003892571764273711,-0.15774871185097106,0.0438086268983342,66.9338,1.392700000000005,-0.009063444108761476,-0.02564102564102566,0.0,0.013002720385206865,0.07194244604316546,-0.181964142360182,83.43962097167969,-2.2488784790039062,0.0774,0.023,0.0489,0.07161613304744746,0.08624100481282367,,6.185705170101906,1.2260410491952112,10.101387842602524,0.06896370078010786,0.0,0.07161613304744746,21.0,306.18,-0.35059975488843187,0.12059690818911539,-0.15616049085041406,1.0,,,,6.0
2009-09-30,0.06195705170101906,0.21340600420516687,,0.06176447667404565,0.054889996099769967,25.61,-0.40000000000000213,3.17,-0.015223052613873023,-0.12327757128576722,0.030396754563894568,67.3416,1.722999999999999,-0.007575757575757569,-0.029900332225913706,0.005302226935312904,0.017811275875492583,0.04861111111111116,-0.2573746312684366,73.37187957763672,-16.308982849121094,0.0333,-0.001,0.076,0.06896370078010786,0.0740797620821727,,-9.381207142780324,9.952378418999206,11.77592829915863,0.10182345909871364,0.0,0.06896370078010786,21.0,325.75,-0.5516450371837498,0.05908536007267484,-0.45473058534620525,1.0,,,,2.0
2009-10-31,-0.09371207142780325,-0.01714757483477758,,0.07958837548527176,-0.037105369312176784,30.69,5.080000000000002,3.3600000000000003,-0.006135272517976631,-0.0625208035971182,0.04677612908712381,68.8903,3.20559999999999,-0.004559270516717229,-0.027716186252771613,0.013859275053304865,0.020832684857113218,0.08510638297872353,-0.23053327041057103,92.8399887084961,11.730400085449219,0.0408,0.027200000000000002,0.0115,0.10182345909871364,0.08080109764208965,0.1610628612859525,4.42154302187363,6.344556346539475,23.7157151697986,0.06657318365384766,0.0,0.10182345909871364,22.0,296.61,-0.2932523804864685,-0.019886430309145275,-0.35124770346830636,1.0,,,,4.0
2009-11-30,0.044315430218736296,0.012560410491952112,0.44725515691505535,0.0793560535579361,0.047501477024707306,24.51,-6.18,3.15,-0.013576856280245408,0.04187859471293698,0.036712182029355445,69.8892,2.9553999999999974,-0.0075642965204235635,-0.026696329254727535,0.006528835690968293,0.016676143827550702,0.006802721088435382,-0.16563554555680537,90.57640075683594,7.13677978515625,-0.0255,-0.048499999999999995,-0.0417,0.06657318365384766,0.07912011451088972,0.11608510691449025,14.912042539905901,8.875346793407312,13.704164351962731,0.06299426942578239,0.0,0.06657318365384766,20.0,310.05,-0.23025272212196635,0.19689616080470906,-0.44532274805972805,1.0,,,,5.0
2009-12-31,0.149120425399059,0.09972378418999206,0.5284661600699216,0.08879037350435125,0.05645225722653624,21.68,-2.830000000000002,3.79,0.016721311262681837,0.200715867382534,0.0339957566980027,70.8235,3.481899999999996,-0.001519756838905706,-0.0200892857142857,0.005440696409140466,0.01319757111046238,-0.019736842105263164,-0.018235294117647016,82.10176086425781,8.729881286621094,0.0558,-0.0276,-0.0033,0.06299426942578239,0.07713030405944789,0.10662806859459967,-12.989029215240055,1.823549880159424,-8.011582483439808,0.09640394856852184,0.0,0.06299426942578239,22.0,359.91,-0.15541122672878827,0.013268092702086287,-0.36243327990705587,1.0,,,,2.0
2010-01-31,-0.12989029215240055,0.06354556346539475,0.41717640894079633,0.10348667266560298,-0.055170788254936376,24.62,2.9400000000000013,3.55,0.009121740248278165,0.35646786667372243,0.007306543609090221,70.0437,1.1534000000000049,0.0,-0.023489932885906173,-0.002178649237472796,0.012978792125542737,0.06896551724137945,-0.028920691711389335,92.94691467285156,0.10692596435546875,0.0274,0.061399999999999996,-0.0011,0.09640394856852184,0.07532380054938397,0.10127155765180103,6.952333468741466,17.371158823259123,9.816365330608075,0.08004298666242911,0.0,0.09640394856852184,19.0,316.07,-0.026146722088293606,0.015467211819265136,-0.27635052582804864,1.0,,,,1.0
2010-02-28,0.06962333468741466,0.08885346793407312,0.5322822180054683,0.10660783725315015,0.04146425452280411,19.5,-5.120000000000001,3.48,-0.0011055148812459947,0.4640343214334246,0.05078596328920271,72.3993,2.5100999999999942,-0.0030864197530864335,-0.011350737797956922,0.0032679738562091387,0.007330120523296087,-0.11111111111111116,0.20343550016840695,91.58102416992188,1.0046234130859375,-0.0335,0.004,0.0033,0.08004298666242911,0.07981373488557779,0.09641227786464668,7.860245626658013,4.82881755855542,-9.754447633738831,0.06876598648592641,0.0,0.08004298666242911,19.0,338.86,0.11799292139963469,-0.11319803782180637,-0.3805398204769759,1.0,,,,7.0
2010-03-31,0.07860245626658013,0.01833549880159424,0.4621614747822047,0.10821918015531982,0.06891959760074862,17.59,-1.9100000000000001,3.6799999999999997,-0.008163686955977134,0.5045620058457199,0.05522111784111772,75.3239,4.500399999999999,-0.004615384615384577,-0.006841505131128911,-0.01500535905680589,0.005470461472974612,-0.06790123456790131,0.27752048450302813,80.72535705566406,-1.37640380859375,0.0339,0.0149,0.0318,0.06876598648592641,0.08173764057229245,0.08758312948783109,2.5585797278596445,-9.835132363599232,-4.8930134053933925,0.08830181891656469,1.0,0.06876598648592641,23.0,366.57,3.0731335363389674,3.031117683649266,1.1383502651380208,6.0,,,,4.0
2010-04-30,0.025585797278596445,0.17381158823259124,0.37472487541933575,0.09312668604103125,0.02602659691821252,22.05,4.460000000000001,3.53,-0.0006072972766748563,0.5236797025913911,0.0506274079118989,78.183,8.139300000000006,-0.009188361408882018,-0.026225769669327215,-0.021390374331550777,0.008780123838066027,-0.01898734177215189,0.1513157894736843,74.116943359375,-18.829971313476562,0.063,0.0183,0.0219,0.08830181891656469,0.07903693068830674,0.08421119997148395,-5.590007795962238,-7.55479349265105,-0.9762490139106084,0.1268947525853512,0.0,0.08830181891656469,21.0,376.07,3.5334646166302157,-0.07650255888441215,0.8142047688835974,6.0,,,,4.0
2010-05-31,-0.055800077959622385,0.048388175585554194,0.27071313976486877,0.10076032393833165,-0.08659075249824522,32.07,10.02,3.15,0.03663034396702258,0.5389319157549353,0.0366509429448969,80.2064,7.8071000000000055,-0.012232415902140858,-0.03287981859410438,-0.03688092729188619,0.01322795790781765,-0.11042944785276065,0.2711033274956218,88.76158142089844,-2.8194427490234375,0.02,0.0496,0.0296,0.1268947525853512,0.09465418599594744,0.08495726005130966,-6.8037042954966385,-14.58326519229425,9.18791657882995,0.11751529298363177,1.0,0.1268947525853512,20.0,355.66,4.343034373046939,0.2877191659267413,3.2900790539916906,6.0,,,,5.0
2010-06-30,-0.06793704295496639,-0.09815132363599233,0.23331396356076084,0.08392759427671585,-0.06772652728835826,34.54,2.469999999999999,2.79,-0.0032532597663408325,0.5461581981694301,0.027885844559202955,81.675,6.351100000000002,-0.013740458015267243,-0.031746031746031744,-0.048218029350104885,0.01724446923698246,-0.07975460122699385,0.29281567489114657,88.95870971679688,8.233352661132812,-0.079,0.0008,-0.0248,0.11751529298363177,0.1109039548285159,0.08596291538560724,4.838918598807828,4.94211895820584,21.394818531945198,0.08628289528925569,0.0,0.11751529298363177,22.0,332.3,4.493984026066524,-0.046716151703840914,2.445279948438738,6.0,,,,3.0
2010-07-31,0.048489185988078276,-0.0752479349265105,0.14496164193669792,0.06346896447539477,0.06668923337965982,23.5,-11.04,2.79,-0.02868122081858626,0.5240469794337941,0.009942553635688078,81.7639,3.5808999999999997,-0.01834862385321101,-0.036446469248291646,-0.04837013669821233,0.015116200398375681,0.03821656050955413,0.14234644133896657,96.45369720458984,22.336753845214844,-0.0557,-0.0242,-0.0473,0.08628289528925569,0.11023098028607954,0.08634820229146499,-12.61847949560544,6.578544478740441,23.280578524552848,0.08046751194489218,0.0,0.08628289528925569,21.0,348.81,4.916975152212004,0.019213105578202994,3.8949155520942957,6.0,,,,8.0
2010-08-31,-0.1260847949560544,-0.1455326519229425,0.004269402088636909,0.0790415141416692,-0.06442084795606995,26.05,2.5500000000000007,2.33,0.015331175813891207,0.4914888438133873,0.021509797994167412,82.7699,2.5635000000000048,-0.01981707317073167,-0.027459954233409634,-0.05279831045406547,0.017263680274122013,0.0,0.15210991167811572,79.38137817382812,-9.380203247070312,0.0692,0.0004,-0.0049,0.08046751194489218,0.09475523340592655,0.08708581719958537,12.721679855003453,23.7711817711242,39.917941407027016,0.07661464832106103,0.0,0.08046751194489218,22.0,307.49,4.408851532349091,0.024365008823545864,4.17558997788292,6.0,,,,25.0
2010-09-30,0.12731679855003453,0.0497211895820584,0.06962914893765237,0.09214223181291639,0.1137114286218166,23.7,-2.3500000000000014,2.3699999999999997,-0.036324164318775054,0.4754150511353079,0.01929215671341389,83.4755,1.8004999999999995,-0.025954198473282508,-0.025114155251141468,-0.056962025316455556,0.018149737490518503,0.019867549668874274,0.18040383978814956,80.99386596679688,-7.96484375,-0.04769999999999999,-0.030600000000000002,-0.0173,0.07661464832106103,0.08112168518506963,0.08772339616133147,6.475344119342429,16.452699573739356,22.439728964413725,0.05523446358817609,0.0,0.07661464832106103,21.0,349.24,4.316228197724548,0.04094915923312925,5.802213428629845,6.0,,,,6.0
2010-10-31,0.06485344119342429,0.06608544478740441,0.2281946615588799,0.09631117415896845,0.056942840810701334,21.2,-2.5,2.51,-0.013757209833421769,0.43247919312034,0.016314035578345543,83.7724,2.008499999999998,-0.03053435114503822,-0.01824401368301032,-0.060988433228180816,0.022006017785713625,0.013071895424836555,0.0671573137074517,71.16854858398438,-25.28514862060547,0.0955,0.0365,-0.0302,0.05523446358817609,0.07077220795137644,0.08384097986878668,4.574157796778321,16.702034045812404,18.705652051403504,0.05865490552709543,0.0,0.05523446358817609,21.0,372.64,4.846605239083367,0.07789525173203637,7.4178592060426904,6.0,,,,8.0
2010-11-30,0.04584157796778321,0.23801181771124202,0.22972080930792682,0.09376097848228804,-0.00366786676298414,23.54,2.34,2.64,0.022563153023910765,0.4049131748431978,0.016762135218758356,83.9254,1.1554999999999893,-0.03658536585365846,-0.01942857142857146,-0.041081081081081106,0.011426564259090886,0.04729729729729737,0.22750252780586444,65.99193572998047,-13.389442443847656,0.0387,0.0073,-0.0246,0.05865490552709543,0.06350133914544419,0.08318112335822399,5.403197657618607,16.146759635902814,11.88108384256518,0.044037953476419436,0.0,0.05865490552709543,21.0,390.12,4.096130016061469,0.043261551235140416,7.641474569888297,6.0,,,,33.0
2010-12-31,0.05413197657618607,0.16482699573739357,0.13473236048505388,0.08488110888279582,0.06005959170041919,17.75,-5.789999999999999,3.1799999999999997,-0.01790000931036939,0.40861066199586826,0.0367170537110606,85.5534,2.0778999999999996,-0.05327245053272456,-0.023917995444191265,-0.0400432900432901,0.014701019503805726,0.01342281879194629,0.10275614140203704,94.70516967773438,13.7113037109375,0.0059,0.0354,-0.009000000000000001,0.044037953476419436,0.05264244086389699,0.08160143036244374,6.724678591415477,5.987029390674366,-0.4075906604279311,0.065315578341616,0.0,0.044037953476419436,22.0,411.82,3.6418953783642394,-0.07704778690225833,4.640851190350738,6.0,,,,4.0
2011-01-31,0.06734678591415477,0.16732034045812405,0.3319694385516092,0.08579103936971169,0.01763932937675161,19.53,1.7800000000000011,3.27,-0.009107286465663833,0.4634605792247095,0.046530072176411696,87.8843,4.1118999999999915,-0.05351681957186549,-0.02290950744558995,-0.020742358078602474,0.018328799824990673,0.019354838709677358,0.14737488486337114,97.20389556884766,26.03534698486328,0.0682,0.0097,0.0356,0.065315578341616,0.05600281244837696,0.07901073284353492,4.0188833868687315,2.003618005591098,-13.006350434381368,0.06937739264311214,0.0,0.065315578341616,20.0,440.51,3.4335105072383696,-0.030119339970291148,5.614385008814233,6.0,,,,7.0
2011-02-28,0.04028883386868731,0.16176759635902815,0.30263493773288186,0.03152387531597082,0.029985739071229922,18.35,-1.1799999999999997,3.27,-0.00845201134555218,0.42598466124258794,0.023877709567839966,88.1823,4.256900000000002,-0.04179566563467485,-0.021814006888633664,-0.021715526601520097,0.011564949691496134,0.0625,-0.018191995521970372,79.42161560058594,13.429679870605469,0.019799999999999998,-0.0231,0.0060999999999999995,0.06937739264311214,0.059576974820382524,0.07812193334192517,-4.756532587609842,-4.265675793337635,-25.41813113034264,0.07470807060669582,0.0,0.06937739264311214,19.0,458.62,3.828141380530673,-0.034262974467304974,5.579376618588912,6.0,,,,35.0
2011-03-31,-0.04746532587609842,0.060170293906743666,0.1765671555902033,0.04292349039093936,-0.0004313955352754917,17.74,-0.610000000000003,3.3800000000000003,-0.010275336354082398,0.36005900876335417,0.006436483199309562,86.8521,1.2986999999999966,-0.03863987635239563,-0.02066590126291612,-0.019586507072905435,0.010702490000270027,0.0331125827814569,-0.036252091466815406,90.01448822021484,-4.690681457519531,0.0348,0.0165,0.0118,0.07470807060669582,0.06980034719714133,0.07861710701865597,2.7412672063322088,-6.394620051102297,-25.548766167394323,0.06324403016387987,0.0,0.07470807060669582,23.0,437.36,0.2817581897501087,0.07016710937657455,2.358010042184192,6.0,,,,7.0
2011-04-30,0.027512672063322086,0.02033618005591098,0.17849403037492895,0.04081970978690523,0.03270897343810031,14.75,-2.9899999999999984,3.28,-0.02799241457308277,0.2857180446451637,-0.006799993347832656,84.3143,-3.569999999999993,-0.040185471406491535,-0.008196721311475419,-0.02841530054644803,0.01617924597025912,0.06451612903225801,0.04028571428571426,136.8883056640625,39.684410095214844,0.0046,0.0256,-0.0184,0.06324403016387987,0.06910983113789594,0.07652895795593222,-2.250410412060001,-15.009968439972466,-15.136333217852329,0.051444769038523144,1.0,0.06324403016387987,20.0,449.56,0.1318536012327287,-0.18450772320817221,1.6614170779993507,6.0,,,,10.0
2011-05-31,-0.02240410412060001,-0.04235675793337634,0.21189000421395132,0.045220365705345045,-0.01339696748803565,15.45,0.6999999999999993,2.9899999999999998,0.012262142927039754,0.2395621333997886,-0.0005637240765994367,82.2947,-5.887599999999992,-0.04024767801857576,-0.009378663540445475,-0.02844638949671785,0.015576395811026888,0.08275862068965534,0.05042711490768803,91.01776885986328,11.596153259277344,0.028999999999999998,-0.0053,-0.024399999999999998,0.051444769038523144,0.06313228993636628,0.07024145932702988,-6.885476845374505,-21.152455337005005,-16.352926183192043,0.07545144862358058,1.0,0.051444769038523144,21.0,439.6,0.13727936134625018,0.2938920979033617,1.126611777497899,6.0,,,,34.0
2011-06-30,-0.06885476845374505,-0.06374620051102298,0.21097227871517266,0.053683285718453544,-0.0220304800947293,16.52,1.0700000000000003,3.1500000000000004,-0.0020492733639940752,0.21268848536004414,0.0056013283841591655,80.7806,-6.071499999999986,-0.04024767801857576,-0.011709601873536313,-0.025330396475770844,0.014273945520210586,0.07333333333333347,0.027504911591355707,105.34491729736328,15.330429077148438,-0.0127,-0.0072,-0.018500000000000003,0.07545144862358058,0.0633800826086612,0.06673613896369229,-5.87408118253796,-19.154146116292026,-11.87485252300633,0.08070969427020737,1.0,0.07545144862358058,22.0,410.35,0.09206303067286914,-0.08461712764270635,1.4584116288703761,6.0,,,,6.0
2011-07-31,-0.0587408118253796,-0.14999968439972466,0.10374228090171478,0.04587896326960897,-0.006199046958614396,25.25,8.73,2.7199999999999998,-0.00871515816622459,0.20535110960950287,0.003831892825474803,79.1473,-5.167000000000002,-0.032710280373831835,0.010638297872340496,-0.016574585635359074,0.021908905759459744,0.01840490797546024,-0.0119487908961593,84.391845703125,-52.4964599609375,-0.0174,0.0006,-0.002,0.08070969427020737,0.0692019706441037,0.06627170554543826,-8.39289730909254,-0.12636477787986267,5.519880376456653,0.15354673481630393,0.0,0.08070969427020737,20.0,386.94,0.09791181963241136,0.02467173039370829,0.9895713076692354,6.0,,,,11.0
2011-08-31,-0.0839289730909254,-0.21152455337005005,0.14589810276684378,0.04001190514000649,-0.06633814993248333,31.62,6.370000000000001,2.21,0.012124058885851774,0.1677542893823507,-0.010352719017911571,76.4916,-5.803100000000001,-0.038880248833592534,-0.004705882352941226,0.0,0.021219905758648964,0.12080536912751683,-0.03321976149914818,78.92475891113281,-12.093009948730469,-0.0235,-0.0111,-0.009000000000000001,0.15354673481630393,0.1032359592366973,0.07236164078472257,-4.887167624661526,4.799529153812964,17.569364911244254,0.1002284148790288,0.0,0.15354673481630393,23.0,355.79,0.07468933156426627,0.0026981465405668814,0.7158332390684392,6.0,,,,91.0
2011-09-30,-0.04887167624661526,-0.19154146116292026,-0.030290372029806,0.04005221928348145,-0.06571516984201864,42.96,11.34,1.9,0.05848051792824549,0.17453584412645617,0.0252115402890849,76.6474,-4.133200000000002,-0.03448275862068961,-0.012880562060890055,0.0022371364653241965,0.018455127562394764,0.038961038961039085,0.017666853617498646,86.95156860351562,-18.393348693847656,-0.0596,-0.030899999999999997,-0.024300000000000002,0.1002284148790288,0.11149494798851335,0.07432945466455322,13.153700155874203,7.279293593285695,25.81100381829919,0.11002362840127429,0.0,0.1002284148790288,21.0,338.82,0.0012285479390594656,-0.030205302531147504,0.6357668564667354,6.0,,,,16.0
2011-10-31,0.13163700155874203,-0.0011636477787986266,0.03649318833551174,0.07955605227877004,0.10559605966310937,29.96,-13.0,2.16,-0.030845948272434143,0.15468426060709173,-0.0008633396887250955,74.9342,-4.213099999999997,-0.04094488188976375,-0.026713124274099886,0.004479283314669624,0.02323382591730782,0.06451612903225801,0.03994252873563209,83.35044860839844,-1.0413970947265625,-0.0757,-0.0349,-0.015300000000000001,0.11002362840127429,0.12126625936553566,0.07889521839897808,-3.4670033773997133,5.6462451543365155,6.72854628367201,0.11751046517182902,0.0,0.11002362840127429,21.0,386.49,0.0018388517431955353,0.07855228810394799,0.21090656723440304,6.0,,,,18.0
2011-11-30,-0.03467003377399713,0.048095291538129636,-0.0440184234062686,0.07962759093859373,-0.024156884176401938,27.8,-2.16,2.0700000000000003,0.025101205467894516,0.13011385116919016,-0.004873443281415479,73.0624,-3.4292000000000087,-0.03322784810126589,-0.029137529137529095,0.01916572717023679,0.02914052735993135,0.05806451612903207,0.0008237232289951546,76.33993530273438,-2.5848236083984375,0.1134,0.0325,0.0006,0.11751046517182902,0.10925416948404404,0.08379984836937254,-2.4074031851887945,12.769835757431292,-1.3348092857014215,0.08522574745577635,0.0,0.11751046517182902,21.0,373.32,-0.04567456643196266,-0.006216388518992422,0.034860702048740144,6.0,,,,94.0
2011-12-31,-0.024074031851887945,0.07289293593285695,-0.12222443183434262,0.0770021054839626,-0.005813825224374014,23.4,-4.400000000000002,1.8699999999999999,0.010368827909451817,0.10075603894577001,0.009785479905307648,72.3971,-4.25030000000001,-0.024115755627009627,-0.030338389731622062,0.01916572717023679,0.02696499434007336,0.08609271523178808,-0.023363216517250707,83.15767669677734,-3.7938919067382812,-0.0027,-0.003,-0.0052,0.08522574745577635,0.10425328034295989,0.08723216453431894,11.520651716925023,18.531710225013498,5.607549742524753,0.06704070651406448,0.0,0.08522574745577635,21.0,364.44,-0.039240559622879534,-0.0708252965287941,-0.305489363941297,6.0,,,,13.0
2012-01-31,0.11520651716925023,0.056462451543365155,-0.07436470057924716,0.09089033576359307,0.07705984338989502,19.44,-3.9599999999999973,1.77,-0.0204663390248907,0.06532857556323979,0.01284785332049232,72.0739,-2.8603000000000094,-0.02746365105008075,-0.015240328253223856,0.015607580824972045,0.0221965993263509,0.08860759493670889,-0.033449290875033455,85.34132385253906,1.990875244140625,0.0075,-0.0029,0.0154,0.06704070651406448,0.08992563971388995,0.08737592521535631,3.6565872256950627,1.0823011293354945,-6.375532606516133,0.05601171470488211,0.0,0.06704070651406448,20.0,408.94,0.01909776883612957,0.028772838584461446,-0.36931259746070655,6.0,,,,13.0
2012-02-29,0.03656587225695063,0.12769835757431292,-0.07808766219098384,0.07868589192160817,0.05296416762402956,18.43,-1.0100000000000016,1.9,-0.008930606629836468,0.052034903183092895,0.011101280642018985,71.7488,-1.3135999999999939,-0.03554119547657508,-0.014084507042253502,0.015538290788013276,0.02564830581446748,0.07189542483660127,-0.033637400228050174,79.63497161865234,3.2950363159179688,0.050499999999999996,0.0202,-0.009300000000000001,0.05601171470488211,0.06942605622490765,0.08626211872050382,3.354471282393412,-14.104645043132713,-6.836566483732321,0.05458411909462629,1.0,0.05601171470488211,20.0,424.17,0.044434775442747654,-0.010252633021731405,-0.4182483106445979,6.0,,,,70.0
2012-03-31,0.03354471282393412,0.18531710225013498,0.0029223765090486964,0.06889506827789971,0.041164786354813465,15.5,-2.9299999999999997,2.16,0.007886483209097683,0.0674012384118321,0.021136794320624652,72.256,-0.14109999999999445,-0.03858520900321549,-0.017584994138335253,0.011098779134295134,0.02494081845347468,0.03205128205128216,0.02893518518518512,92.4458236694336,9.28814697265625,0.044000000000000004,-0.0167,0.0042,0.05458411909462629,0.05921218010452429,0.08458512276116469,-5.92875737875298,-12.924160482488745,-13.765186587641699,0.06716110701551033,1.0,0.05458411909462629,22.0,438.64,-0.15734328475985726,-0.13658227172393156,-0.5628270187348875,6.0,,,,44.0
2012-04-30,-0.0592875737875298,0.010823011293354945,-0.08387786934180319,0.06368183955080067,-0.014731617213604054,17.15,1.6499999999999986,1.8499999999999999,-0.0010607076322992626,0.0863818774802465,0.010861191753526622,72.1446,0.0707000000000022,-0.03864734299516903,-0.011806375442739103,0.02699662542182213,0.03300313370165695,0.06666666666666665,-0.03762702554243336,88.75997924804688,3.4186553955078125,0.0311,-0.0048,0.011899999999999999,0.06716110701551033,0.05925231360500625,0.0849115458321339,-11.530358946773145,-7.457833735851628,-11.914786872533114,0.06793838471023264,0.0,0.06716110701551033,20.0,413.39,0.12757126262095397,0.0912221306368497,-0.4268164373200819,6.0,,,,16.0
2012-05-31,-0.11530358946773145,-0.14104645043132713,-0.17677735468893463,0.08135680704914783,-0.07461109496064644,24.06,6.91,1.52,0.0467226113351451,0.0999192098199162,0.01189018490325,72.2009,0.4521000000000015,-0.03548387096774197,-0.020118343195266286,0.022522522522522515,0.03005296590642543,0.07643312101910826,-0.12880377754459604,96.01668548583984,16.3817138671875,-0.0084,-0.005,-0.0077,0.06793838471023264,0.06322787027345643,0.08628601380477635,4.53495584303738,7.268078559400392,1.580332083616317,0.10316422714985535,0.0,0.06793838471023264,22.0,368.37,-0.016626528806866325,0.12842461123658477,-0.38837097815482535,6.0,,,,101.0
2012-06-30,0.045349558430373804,-0.12924160482488745,-0.06257302780481577,0.0825557897040427,0.03739155568530084,17.08,-6.98,1.5799999999999998,-0.018934952093440316,0.11064544254659814,0.015407788515240162,72.5609,0.3049000000000035,-0.032258064516129004,-0.020142180094786744,0.03050847457627115,0.0332964510209819,0.01863354037267073,-0.04097241190931444,78.17115783691406,-14.274665832519531,-0.0617,-0.0008,-0.0095,0.10316422714985535,0.07942123962519944,0.08859541201529925,-0.4624306321158633,-0.8410261051529544,-0.4038635888938424,0.07637706557107993,0.0,0.10316422714985535,21.0,385.46,-0.08267606229535607,-0.14609998583817485,-0.5214438370585417,6.0,,,,18.0
2012-07-31,-0.004524306321158633,-0.07447833735851628,-0.008356522300594804,0.06430235345130177,0.0015184067139770718,18.93,1.8500000000000014,1.4,-0.0007256995943833999,0.12491862954637245,0.01673239173697527,73.0351,0.890500000000003,-0.03864734299516903,-0.037426900584795364,0.022471910112359605,0.03494023493298424,0.006024096385542244,-0.06190613302620218,77.82243347167969,-10.937545776367188,0.039,0.009000000000000001,0.0055000000000000005,0.07637706557107993,0.08249322581038931,0.0882343596237053,3.1955533484788745,-4.456953136681486,7.248050619495934,0.047459236675393174,0.0,0.07637706557107993,21.0,383.72,-0.042104202915107525,0.06999142134222347,-0.48329734071265695,6.0,,,,16.0
2012-08-31,0.031955533484788745,0.07278078559400392,0.10752798427511934,0.06365012122543559,0.04244054027118427,17.47,-1.4600000000000009,1.48,-0.007291534003271316,0.12941551338932178,-0.006396584990811638,71.83,-0.370900000000006,-0.03559870550161803,-0.028368794326241065,0.011148272017837302,0.025163300178535786,0.029940119760479167,-0.07988252569750365,82.80802154541016,-13.208663940429688,0.0079,-0.0281,-0.0006,0.047459236675393174,0.07566684313210949,0.07939373477862939,-3.5741488215159656,-5.687746475784074,7.354847361817968,0.06157054453396505,0.0,0.047459236675393174,23.0,396.18,0.038946033712859984,0.0875392349876174,-0.5038962568993746,6.0,,,,95.0
2012-09-30,-0.035741488215159656,-0.008310261051529544,0.12065817230657494,0.060053603965774464,0.015937094878298197,15.73,-1.7399999999999984,1.5499999999999998,-0.01457387713059255,0.08839689633925785,-0.012022550324940484,70.1992,-2.361699999999999,-0.03571428571428581,-0.027283511269276306,0.010044642857143016,0.024352784208496115,0.14375000000000004,-0.0931386056764949,74.87835693359375,-3.2928009033203125,0.0254,0.0043,0.0125,0.06157054453396505,0.06180228226014606,0.07617224558320741,-4.078357663644395,0.43716251625911196,13.252769501559463,0.05323608354286873,0.0,0.06157054453396505,19.0,382.27,-0.07291342319852356,-0.1346194921563102,-0.5053402815945159,6.0,,,,20.0
2012-10-31,-0.04068357663644395,-0.04446953136681486,-0.05166240588861104,0.05825398493495455,-0.04563059982984541,18.6,2.870000000000001,1.6099999999999999,0.0035902104058802564,0.10937687597550716,0.01839605627028984,70.66,-2.3751000000000033,-0.026272577996716007,-0.017899761336515496,0.010033444816053505,0.01901094139904961,0.07272727272727275,-0.08648798010500136,69.28050994873047,-8.541923522949219,0.0273,0.005699999999999999,0.0163,0.05323608354286873,0.05408862158407566,0.07143995017834028,1.9647600093762863,11.70500375617742,19.07914561305901,0.06499461397182378,0.0,0.05323608354286873,21.0,367.03,0.026474879343348245,0.19417846995110244,-0.38341690851535815,6.0,,,,20.0
2012-11-30,0.019747600093762863,-0.056677464757840745,0.0027552279791489553,0.03571432072634344,0.011026471766575341,15.87,-2.730000000000002,1.54,-0.0006265612800282483,0.14087398429716558,0.02337990292535741,71.3966,-0.4333999999999918,-0.029459901800327426,-0.02400960384153661,0.007743362831858391,0.020091621552667922,0.060975609756097615,-0.07764060356652946,81.66366577148438,-1.1443557739257812,-0.0176,-0.0083,0.0352,0.06499461397182378,0.05993374734955253,0.06706362924500651,2.550760170527221,13.042593837602043,22.432235583433275,0.04035470956583025,0.0,0.06499461397182378,21.0,374.35,0.12086843850155704,0.08517091574782065,-0.3769798388498775,6.0,,,,92.0
2012-12-31,0.02560760170527221,0.00467162516259112,0.05243686153630911,0.031678835895457454,0.0030747567654767494,18.02,2.1500000000000004,1.73,-0.0002239454811894248,0.12552770878440533,-0.0037974805238919496,70.1463,-0.05290000000000816,-0.02635914332784184,-0.024067388688327362,0.005530973451327359,0.017787142963701482,0.06707317073170738,-0.06036161335187762,81.38964080810547,6.511283874511719,0.0078000000000000005,0.004,-0.0087,0.04035470956583025,0.052861802360174265,0.06332437608751101,7.189483576273913,12.815606985300352,19.838788711299536,0.055503202415295244,0.0,0.04035470956583025,20.0,384.06,-0.48585688787753767,-0.5737869340073418,-0.1718649532341382,5.0,,,,14.0
2013-01-31,0.07199483576273913,0.1173500375617742,0.009225180129798005,0.04312186335318976,0.03980634733101773,14.28,-3.74,1.95,-0.0031383113857934575,0.11428724630687137,0.002732706263832485,69.2992,-1.3607999999999976,-0.023255813953488413,-0.030952380952380842,-0.002195389681668325,0.0148870366483805,0.0,-0.014950166112956853,74.83155822753906,5.551048278808594,0.0118,0.0191,0.0352,0.055503202415295244,0.0536175086509831,0.06236291741261357,3.3023500908009087,7.374141856881588,14.625674935270249,0.05713637961925384,0.0,0.055503202415295244,21.0,412.73,-0.5585740937145023,-0.1167303967968304,-0.3735244897776975,5.0,,,,15.0
2013-02-28,0.033123500908009085,0.13072593837602042,0.005782808780856463,0.04323166503934313,0.005731238475625844,15.51,1.2300000000000004,1.7799999999999998,0.01635270992761928,0.10884291209412833,0.006161106272265959,68.6271,-2.769500000000008,-0.01340033500837523,-0.03214285714285714,0.0010928961748633004,0.01666308887275859,0.060975609756097615,0.09085545722713873,90.6574935913086,8.993827819824219,0.0557,0.0042,0.0101,0.05713637961925384,0.050998097200126456,0.06245663948881122,2.3237733182255305,9.389641745831234,7.029682060688103,0.04031782703629686,0.0,0.05713637961925384,19.0,426.63,-0.5088452887706985,0.1012472881547859,-0.3372736501325987,5.0,,,,61.0
2013-03-31,0.023237733182255305,0.12835606985300352,-0.004524170860822352,0.036254353415799516,0.033399135011466186,12.7,-2.8100000000000005,1.8,7.584088585854687e-05,0.07355107651133119,-0.011363563899322027,66.7264,-3.4198999999999984,-0.015050167224080258,-0.03341288782816221,0.01317233809001106,0.023465870919396715,0.05590062111801242,-0.007874015748031482,81.59033203125,0.20069122314453125,0.0129,-0.0024,0.0018,0.04031782703629686,0.05098580302361532,0.06126778181728376,1.7480184478551486,7.0231817259991836,11.694297542812482,0.07292586087719394,0.0,0.04031782703629686,20.0,436.66,-0.3253390577916244,0.18600963150731875,-0.17785884266174745,6.0,,,,43.0
2013-04-30,0.017480184478551486,0.07384141856881588,0.07224358740525894,0.02039277620513551,0.01857758721149061,13.52,0.8200000000000003,1.65,-0.010103741246189735,0.07301255122643768,0.010354113587254465,66.2561,-3.0430999999999955,-0.01675041876046901,-0.0346475507765831,0.008762322015334112,0.021815989289608886,-0.0625,-0.003995433789954372,75.89672088623047,1.0651626586914062,0.0403,0.0088,-0.0021,0.07292586087719394,0.05679335584424822,0.06174817797242407,5.317849979750555,7.251533078388661,13.205345791667433,0.04284471437212213,0.0,0.07292586087719394,22.0,444.36,-0.5619054471183493,-0.29140929686684036,-0.40751814199289416,6.0,,,,23.0
2013-05-31,0.05317849979750555,0.09389641745831234,0.24072567667049594,0.02097843383481606,0.03747693433952648,16.3,2.780000000000001,2.12,0.024149508268247466,0.08134445817184832,0.019747478697205834,66.3687,-2.2583999999999946,-0.011705685618728978,-0.02898550724637672,-0.0011013215859030367,0.014074637840052234,-0.01183431952662728,0.10659439927732617,95.10787200927734,4.45037841796875,0.015600000000000001,-0.0225,0.0046,0.04284471437212213,0.052029467428537646,0.05965703877758152,-0.042686701606520217,-2.3599596851431315,8.508725717892673,0.06479206212127969,0.0,0.04284471437212213,22.0,468.63,-0.5732106697073978,0.09930511791926833,-0.3519560634871708,6.0,,,,88.0
2013-06-30,-0.00042686701606520217,0.07023181725999184,0.19494925122405693,0.026004802197245387,-0.015354951525607063,16.86,0.5599999999999987,2.48,0.007419452562106521,0.08196021827612521,0.01598600168405495,66.2314,-0.49500000000000455,-0.010000000000000009,-0.024183796856106388,-0.005482456140350922,0.009758145660130306,0.0060975609756097615,0.00284819139846193,83.71731567382812,2.126983642578125,0.0281,0.0203,0.0271,0.06479206212127969,0.0601875457901986,0.05645935835853355,1.9763698002446262,4.671115816813298,13.293614259526887,0.04556914131135493,0.0,0.06479206212127969,20.0,468.43,-0.3612285012766956,0.278023964263697,-0.21320344844672012,6.0,,,,17.0
2013-07-31,0.01976369800244626,0.07251533078388661,0.21923725554766182,0.017840429030546015,0.06350129053273079,13.45,-3.41,2.56,-0.007818003892084313,0.07839341128795607,0.013380615822585984,65.9427,-0.31340000000000146,-0.005025125628140725,-0.017010935601457944,-0.004395604395604491,0.007108709671148301,-0.005988023952095856,0.06813996316758741,82.97300720214844,7.076286315917969,-0.012,0.0154,-0.0004,0.04556914131135493,0.05106863926825226,0.0538920313368898,-4.293642783781237,5.953812713278772,10.217826313428713,0.05252773812991084,0.0,0.04556914131135493,22.0,477.78,-0.5076812714331649,-0.1753282399332483,-0.214650940749207,6.0,,,,19.0
2013-08-31,-0.042936427837812374,-0.023599596851431315,0.1443452942250607,0.03188798387683831,-0.010116157797812164,17.01,3.5600000000000023,2.75,0.012572089355647798,0.10361303457617499,0.016840114679387064,65.9252,-0.4435000000000002,-0.001677852348993314,-0.015815085158150777,0.012127894156560126,0.013971817354101796,-0.011627906976744207,0.18640280880944782,73.97581481933594,-21.132057189941406,0.0565,0.0176,0.005699999999999999,0.05252773812991084,0.05429631385418183,0.0543144064580996,6.9883888003499095,10.868685403035805,20.853883996307854,0.04122912284114709,0.0,0.05252773812991084,22.0,457.7,-0.5545784524857781,-0.016057320344546544,-0.21253068520843887,6.0,,,,88.0
2013-09-30,0.0698838880034991,0.04671115816813298,0.24997067044371946,0.03993072430746091,0.04935150722225501,16.6,-0.41000000000000014,2.62,-0.019538673558284536,0.13580618011302148,0.01679742626832814,65.9554,-0.27599999999999625,0.0,-0.012195121951219523,0.012154696132596676,0.012174914634853496,-0.08196721311475419,0.010331206320267405,90.95674896240234,7.239433288574219,-0.0271,-0.0003,-0.0273,0.04122912284114709,0.04644200076080429,0.05261928798369811,3.2590666967101,8.622498442713589,17.84839558891438,0.05399979859196832,0.0,0.04122912284114709,20.0,490.83,-0.34184012809802167,0.2786959395373354,0.22078707269003872,6.0,,,,11.0
2013-10-31,0.032590666967101,0.05953812713278772,0.3232449140472644,0.040253775975893816,0.038550174106291024,13.75,-2.8500000000000014,2.53,-0.002043612485327806,0.12619867506231142,0.00978169457235789,65.5941,-0.3486000000000047,-0.001686340640809303,-0.014580801944106936,0.008830022075055233,0.011725525562706106,-0.06779661016949157,0.02298850574712641,100.4593276977539,17.48632049560547,0.0377,0.0265,-0.0118,0.05399979859196832,0.049252219854342104,0.05268293090445641,0.6212299059757953,4.264013600149941,12.736707337597775,0.03726995320226639,0.0,0.05399979859196832,23.0,507.09,-0.5601507399542567,-0.2019286820804861,-0.11638109316128498,6.0,,,,24.0
2013-11-30,0.006212299059757953,0.10868685403035805,0.3097096130132595,0.03744912448304984,0.03513820817663316,13.7,-0.05000000000000071,2.69,0.009638403850313004,0.131979272486052,0.028632748059481683,66.5268,0.6015999999999906,0.0,-0.0012300123001229846,-0.006586169045005419,0.0035018796862920877,-0.04597701149425293,0.11005353955978592,72.95311737060547,-1.0226974487304688,0.0417,-0.015,0.012199999999999999,0.03726995320226639,0.04416629154512728,0.0503725425069933,4.742201840027693,9.985198593272049,16.134528661422287,0.03048799535892796,0.0,0.03726995320226639,20.0,510.25,-0.5492690458672547,0.11201760848990139,-0.09624949986133036,6.0,,,,79.0
2013-12-31,0.04742201840027693,0.08622498442713589,0.3315240297082642,0.03878699298509439,0.028339244475121816,13.72,0.02000000000000135,2.97,-0.0007639432019184156,0.15433919656184059,0.015880452845572046,66.7203,0.7648999999999972,0.0050761421319796,0.007398273736128447,-0.004400440044004417,0.006250434008806401,-0.06285714285714294,0.08318531675547658,77.77902221679688,-13.177726745605469,0.031200000000000002,0.0144,0.0019,0.03048799535892796,0.040585915717720904,0.049550316323084764,-1.099418145853548,9.22589714620079,17.27656742994448,0.04978294403998292,0.0,0.03048799535892796,21.0,535.03,-0.0022982761709434696,-0.056569097905562304,0.01167543081939204,6.0,,,,15.0
2014-01-31,-0.010994181458535479,0.04264013600149941,0.24853501248698961,0.04112831745444604,-0.01756225645076981,18.41,4.6899999999999995,2.65,0.01716522925776154,0.16848323861494618,0.015019123988936567,66.9524,1.3582999999999998,0.010204081632653184,0.004914004914004844,-0.0066006600660066805,0.00859235866773269,-0.03488372093023262,-0.004777965148960117,70.37248992919922,-30.086837768554688,0.027999999999999997,-0.0044,0.0,0.04978294403998292,0.03918029753372577,0.04907362812514208,6.3424148990979035,8.472693737447834,13.810583772292517,0.040143776260699614,0.0,0.04978294403998292,21.0,529.18,0.11352676840260867,-0.01418998946061989,0.21132062819343522,6.0,,,,22.0
2014-02-28,0.06342414899097903,0.09985198593272049,0.27883566056995956,0.032027394327124224,0.04856874638450215,14.0,-4.41,2.6100000000000003,-0.00832963168683687,0.18804083740920952,0.0230018230139033,67.8145,1.287700000000001,0.0,0.002460024600245969,-0.020742358078602474,0.012745245529676983,-0.06321839080459779,-0.06733369388858845,77.91596984863281,4.962852478027344,-0.033,0.006,-0.0199,0.040143776260699614,0.04013823855320351,0.04765757784526256,3.9829003929564344,6.149330068150238,13.488505097604886,0.04640672644137851,0.0,0.040143776260699614,19.0,563.83,-0.09387959813362245,-0.10387189278930387,0.3950370142155355,6.0,,,,53.0
2014-03-31,0.039829003929564344,0.0922589714620079,0.2954269313172686,0.027459118336219883,-0.025657593879586216,13.88,-0.11999999999999922,2.68,-0.0015342117856809168,0.23703034798593858,0.029403397654383934,69.2317,2.511400000000009,-0.001697792869269965,0.0024691358024691024,-0.028169014084507005,0.01661718525943444,-0.02352941176470591,0.013605442176870763,69.00352478027344,-8.775497436523438,0.046799999999999994,0.0013,-0.0034999999999999996,0.04640672644137851,0.045444482247353694,0.048164986129019365,-1.852621554606504,8.050670283743688,8.450856001551443,0.0678438633159573,0.0,0.04640672644137851,21.0,586.74,-0.09531974550669076,0.18412464066975365,-0.030014820339881787,6.0,,,,39.0
2014-04-30,-0.01852621554606504,0.08472693737447834,0.2594205312926521,0.03363562647855425,-0.020312117648680683,13.41,-0.47000000000000064,2.64,-0.0037590512274059407,0.25282294940157457,0.023252843056996708,70.372,3.4196000000000026,0.0017035775127767216,0.007425742574257432,-0.026058631921824005,0.017910363764569816,-0.012121212121212088,-0.020916905444126055,119.83855438232422,49.466064453125,0.0040999999999999995,-0.0113,0.049,0.0678438633159573,0.05146478867267849,0.047741486332249644,4.019051229800308,5.337890034844683,10.67554483234856,0.03536185601815397,0.0,0.0678438633159573,21.0,575.97,0.06506343355821498,-0.16578919069133458,0.2911500906931346,6.0,,,,22.0
2014-05-31,0.04019051229800308,0.06149330068150238,0.2464325437931496,0.033461838284274896,0.03064910040428792,11.4,-2.01,2.44,-0.0013748988311359511,0.25304961075791854,0.01993197192249374,71.4179,3.6034000000000077,-0.006768189509306244,0.016169154228855787,-0.013230429988974723,0.015450015328800245,-0.041916167664670545,-0.06775510204081636,93.22154235839844,15.305572509765625,-0.0019,-0.0407,0.012199999999999999,0.03536185601815397,0.049870815258496605,0.04711791480275229,5.884240608549884,7.339175029454648,13.425245883338466,0.02538460653527385,0.0,0.03536185601815397,21.0,599.59,0.505188517529584,0.5535801799387816,0.3302006160603719,6.0,,,,83.0
2014-06-30,0.058842406085498844,0.08050670283743688,0.30570181689471365,0.03514571926803231,0.03828090292721065,11.57,0.16999999999999993,2.4899999999999998,-0.005934773610746902,0.26130558824798045,0.02268003637199345,72.7915,3.5597999999999956,-0.011784511784511675,0.012391573729863659,-0.009922822491731043,0.013452888639963554,0.0060606060606061,-0.029537063334280078,83.4288558959961,14.425331115722656,0.0204,-0.018600000000000002,-0.001,0.02538460653527385,0.04286344195646172,0.04383396017058514,-4.565401803505509,0.400185717807755,7.705655139685685,0.0544307735767588,0.0,0.02538460653527385,21.0,635.93,-0.14356388241055873,-0.2728180760130239,0.4770619585827396,6.0,,,,15.0
2014-07-31,-0.04565401803505509,0.053378900348446834,0.2402841008572123,0.0445764913042075,-0.00875152971916826,16.95,5.379999999999999,2.5500000000000003,0.013225702701018527,0.25267468692709705,0.006446223255745842,73.1265,2.754499999999993,-0.011784511784511675,0.011124845488257096,-0.007726269315673218,0.012224787059755602,-0.02409638554216853,0.03649425287356323,98.76710510253906,-21.071449279785156,0.026099999999999998,0.030600000000000002,-0.0070999999999999995,0.0544307735767588,0.03839241204339555,0.04457242952603546,6.020336224410272,5.337654797503877,7.235702504200603,0.031724795401427607,0.0,0.0544307735767588,22.0,607.55,0.26150995717212266,0.21472181679005464,0.302485529453941,6.0,,,,27.0
2014-08-31,0.06020336224410272,0.07339175029454648,0.3434238909391274,0.04400836498051658,0.04704757221009892,11.98,-4.969999999999999,2.3200000000000003,0.0029433583757185744,0.23701772430454238,0.004130807279152382,73.4005,1.9825999999999908,-0.01176470588235301,0.009888751545117369,-0.031590413943355045,0.02074629319622919,-0.05294117647058816,-0.03820285176217375,138.7539520263672,45.53240966796875,-0.0203,-0.04190000000000001,-0.0008,0.031724795401427607,0.03718005850448676,0.04283885096532852,-1.0547487030970082,6.086070853883818,10.215507375640076,0.045920153944480305,0.0,0.031724795401427607,21.0,645.25,0.055618067876890054,-0.17664726743192738,0.32633460739495,6.0,,,,77.0
2014-09-30,-0.010547487030970082,0.00400185717807755,0.2629925159046582,0.044834423337635564,-0.019150520341066013,16.31,4.329999999999998,2.5,0.029141021896677444,0.2146812164411276,-0.001562620852347485,73.3497,0.5581999999999994,-0.011784511784511675,0.0012345679012344402,-0.02729257641921401,0.01428165762821673,-0.017857142857142905,0.06075187969924811,136.44558715820312,53.01673126220703,0.0424,0.0029,-0.0058,0.045920153944480305,0.044025240974222245,0.043229770223939624,0.37206727619061297,7.30546942187793,8.551190309183543,0.11129009905838519,0.0,0.045920153944480305,21.0,638.48,0.08789753493087615,0.3177968461136853,-0.1513015793879514,6.0,,,,11.0
2014-10-31,0.0037206727619061297,0.05337654797503877,0.23412252169946335,0.04245486737299136,0.03010925452846358,14.03,-2.2799999999999994,2.3400000000000003,0.006033475263144794,0.2028302230194774,-7.020406384683486e-05,73.4897,0.3632000000000062,-0.006756756756756799,0.0,-0.029540481400437635,0.0154778977463492,0.0060606060606061,0.04139562389118856,131.55665588378906,32.78955078125,-0.0196,-0.0366,-0.0147,0.11129009905838519,0.06297834946809772,0.04800396192947437,6.768752280790213,1.898047706696726,6.84892545914062,0.039964080440601055,0.0,0.11129009905838519,23.0,640.86,0.01040693047279384,-0.2587750548688673,-0.2450031487886195,6.0,,,,38.0
2014-11-30,0.06768752280790213,0.06086070853883818,0.29559774544760753,0.04663454254243069,0.03415396327115516,13.33,-0.6999999999999993,2.16,0.01973541787997668,0.16630665877763384,-0.002601364233360215,73.509,0.10850000000000648,-0.00843170320404718,-0.0012315270935961964,-0.030939226519337004,0.015497196235555993,0.024096385542168752,-0.090032154340836,83.66100311279297,-55.09294891357422,0.025099999999999997,0.0363,-0.0167,0.039964080440601055,0.06572477781448886,0.048228472532668924,0.16464986489710398,4.129436521756258,8.343585543338428,0.053478249632135655,0.0,0.039964080440601055,19.0,685.74,-0.015464530218346595,0.08354440726943801,0.08264057104842171,6.0,,,,61.0
2014-12-31,0.0016464986489710398,0.0730546942187793,0.24982222569630164,0.04342469364969983,-0.011667190853705378,19.2,5.869999999999999,2.13,0.02186726336267597,0.14239116046733602,-0.004950507065911269,73.4048,0.05509999999999593,-0.011784511784511675,-0.012239902080783405,-0.029834254143646488,0.010292082750550368,0.060975609756097615,-0.15140748838480456,84.38005065917969,-52.06553649902344,0.0256,-0.023,-0.0313,0.053478249632135655,0.06824414304370731,0.050144327055436234,-5.035354438990591,1.2457208873056125,-0.9258445113910163,0.05983331618037283,0.0,0.053478249632135655,22.0,686.87,0.30898987028255487,0.25433926156772446,-0.07471734372214123,6.0,,,,14.0
2015-01-31,-0.05035354438990591,0.01898047706696726,0.2104628627649312,0.04471406714396187,-0.02151547734584902,20.97,1.7699999999999996,1.66,0.0317923257594277,0.1277358936062729,0.0019978606547079725,73.8401,0.3504000000000076,-0.011784511784511675,-0.013447432762836109,-0.019933554817275767,0.00430584850010388,0.01807228915662651,-0.09178198249082181,86.5262222290039,-45.030433654785156,-0.0005,0.028300000000000002,0.021099999999999997,0.05983331618037283,0.051091882084369857,0.05098185806713539,9.000141095849745,4.950877752443894,-1.0543181938181156,0.04855887597711016,0.0,0.05983331618037283,20.0,653.14,0.19720516894343887,-0.09837587974674422,0.11690071473652797,6.0,,,,15.0
2015-02-28,0.09000141095849745,0.04129436521756258,0.23704012473244962,0.052164856908826364,0.06842920353890669,13.34,-7.629999999999999,1.98,9.186193252652686e-05,0.10236440245833434,-1.338989549792835e-05,74.135,0.6260000000000048,-0.003395585738539819,-0.012269938650306789,-0.010033444816053616,0.004615503176003162,0.06134969325153383,-0.0005798782255725943,111.9856948852539,28.324691772460938,-0.030899999999999997,-0.0095,-0.0348,0.04855887597711016,0.05395681392987289,0.051683116376836265,-2.7190657695535414,4.21414902158217,-15.663048887791842,0.07709493411620626,0.0,0.04855887597711016,19.0,714.65,0.3781699499930782,0.03158327472966693,0.06613215314091536,6.0,,,,51.0
2015-03-31,-0.027190657695535414,0.012457208873056125,0.17002046310734986,0.05432219825965008,-0.01270240032283354,15.29,1.9499999999999993,1.91,0.01728845051380823,0.0665895830183072,-0.004003632362106657,74.1292,0.7244000000000028,-0.00170068027210879,-0.011083743842364546,-0.012263099219621099,0.005787881810185998,0.054216867469879526,-0.018736017897091672,111.92469787597656,27.544647216796875,0.061399999999999996,0.0039000000000000003,-0.0175,0.07709493411620626,0.061829042091229754,0.05424046701640525,-1.3301975738523097,-2.171565398696629,-14.31329194014106,0.04329049044423223,0.0,0.07709493411620626,22.0,695.48,-0.132946824894848,-0.2550272704624609,0.24019327339793128,6.0,,,,40.0
2015-04-30,-0.013301975738523097,0.04950877752443894,0.1752447029148918,0.05541574361292565,0.008237958458250816,14.55,-0.7399999999999984,2.04,-0.020001456438931697,0.03221779176274242,-0.009722383481114427,73.6623,-0.17780000000000484,-0.00340136054421758,-0.014742014742014753,-0.015607580824972156,0.006811160642899334,0.042944785276073594,0.054141059408838066,104.23526763916016,17.70904541015625,-0.0109,0.0308,-0.0038,0.04329049044423223,0.05631476684584955,0.05219435261042815,8.263412364988021,-6.00519594626201,-3.524953283711252,0.058324464725304205,1.0,0.04329049044423223,21.0,686.29,-0.06373999419490539,-0.09920378635222327,0.006915451407650153,6.0,,,,25.0
2015-05-31,0.08263412364988021,0.0421414902158217,0.21768831426676893,0.0586904765451408,0.02569399545846629,13.84,-0.7100000000000009,2.1100000000000003,0.01345735581073626,0.0061540114112133,-0.005821588132204458,73.4189,-0.7161000000000115,-0.0017035775127768327,-0.019583843329253448,-0.02346368715083791,0.011606459876639013,0.05624999999999991,0.1001167542323409,102.19049072265625,-9.795204162597656,0.006,-0.03,0.0181,0.058324464725304205,0.05956996309524757,0.05410790333602402,-9.10478018983234,-19.87719790937401,-9.605635635532117,0.0530069511779267,1.0,0.058324464725304205,20.0,745.41,-0.048062945031391746,0.5795938435678472,0.07732653115690558,6.0,,,,73.0
2015-06-30,-0.0910478018983234,-0.021715653986966288,0.06779810628294669,0.07301482313319141,-0.016538276297351828,18.23,4.390000000000001,2.3400000000000003,-0.0020604167791651307,-0.023693961947985676,-0.007658188327624993,72.9509,-1.178299999999993,0.0,-0.022031823745410017,-0.031180400890868598,0.01602765901522791,0.030120481927710774,0.06584723441615448,76.2623291015625,-35.66236877441406,0.0138,0.0083,-0.011000000000000001,0.0530069511779267,0.05154063544915438,0.05640976538957842,-5.163828121417691,-12.14172654144443,-2.538789053478041,0.060544096221180635,1.0,0.0530069511779267,22.0,680.54,-0.02180962008176035,-0.25276323809250845,-0.21606342511115006,6.0,,,,14.0
2015-07-31,-0.05163828121417691,-0.0600519594626201,0.06181384310382487,0.07318827045377593,0.02796186186381533,12.12,-6.110000000000001,2.12,0.02102064849581531,-0.024016688267245123,0.0061135338402300565,73.3765,-0.28580000000000894,-0.006814310051107442,-0.02689486552567244,-0.030033370411568394,0.012597643199613463,0.043209876543209846,0.07402273357360678,85.90596771240234,-18.329299926757812,-0.0154,0.0292,-0.008,0.060544096221180635,0.05729183737480386,0.05691920894328023,-5.608589598123981,2.480242662550758,-5.17746998074049,0.09617360324554242,0.0,0.060544096221180635,22.0,646.29,-0.1995699977600135,-0.006021929375862434,-0.24275168815884562,6.0,,,,23.0
2015-08-31,-0.05608589598123981,-0.19877197909374011,-0.054475415121517656,0.05959473665816639,-0.07106016600291021,28.43,16.310000000000002,2.13,0.016232393761944408,-0.03469791747234896,-0.006858470073769718,72.7162,-0.702699999999993,-0.006802721088435382,-0.030599755201958345,-0.013498312710911176,0.01227184525006826,0.07453416149068315,0.06881118881118886,106.80866241455078,4.618171691894531,0.015700000000000002,-0.0458,-0.0416,0.09617360324554242,0.06990821688154993,0.062289942930289804,-1.3693088219027594,10.271562273841894,1.7854502500653113,0.08795880213669781,0.0,0.09617360324554242,21.0,611.04,0.30835065029342323,0.34581922224515305,-0.13405514082109682,6.0,,,,70.0
2015-09-30,-0.013693088219027594,-0.12141726541444431,-0.05762101630957517,0.059799963585496385,-0.03328081778029812,24.5,-3.9299999999999997,2.06,0.006931290176889426,-0.028539162368685034,0.004807541831247875,72.7519,-0.19899999999999807,-0.008517887563884163,-0.024660912453760786,-0.02020202020202022,0.008336645290656633,0.042424242424242475,0.03600793875815134,82.47853088378906,6.2162017822265625,-0.0602,0.0029,0.0275,0.08795880213669781,0.08155883386780696,0.06579316361297459,9.458141082577498,9.60293748796639,11.583944291635316,0.07711406187967362,0.0,0.08795880213669781,21.0,602.73,-0.03707916532578048,-0.03012694746147704,0.042335269688741795,6.0,,,,11.0
2015-10-31,0.09458141082577498,0.02480242662550758,0.03323972175429368,0.07727392330478448,0.08970120544423921,15.07,-9.43,2.08,-0.010140062237495862,-0.022872395155579484,0.005762629503417216,72.7037,-0.6727999999999952,-0.011904761904761862,-0.03082614056720101,-0.01465614430665163,0.0102229925060703,0.024096385542168752,0.00596252129471897,98.7674560546875,12.861488342285156,-0.030600000000000002,-0.027999999999999997,0.0055000000000000005,0.07711406187967362,0.08708215575397128,0.06294516051474863,2.1827300131671556,-7.657712643291248,-2.6673436390388483,0.051679410109911283,1.0,0.07711406187967362,22.0,662.52,0.32136803812511827,0.017145871486610176,-0.056301763312279096,6.0,,,,29.0
2015-11-30,0.021827300131671556,0.10271562273841894,-0.012620500921936895,0.06659371304017418,0.01080855439301942,16.13,1.0599999999999987,1.99,0.019161405114632934,-0.01635524227021834,0.004050990448582148,72.3778,-0.33840000000000714,-0.011904761904761862,-0.0332922318125769,-0.009122006841505104,0.01322477076015559,0.01764705882352935,0.05005889281507647,91.931884765625,-14.876777648925781,0.0775,-0.0206,-0.0046,0.051679410109911283,0.07225075804209424,0.06392143798719115,-2.037933607778264,-8.486112023776583,3.1687584899379773,0.054405948380903166,1.0,0.051679410109911283,20.0,677.14,0.29794171876233166,0.06433442443644055,-0.1208308209349922,6.0,,,,63.0
2015-12-31,-0.02037933607778264,0.0960293748796639,-0.034646335648690574,0.05608851568592143,-0.0200202810099821,18.21,2.080000000000002,2.11,0.00888775004004394,-0.008939145749911281,0.0025515743756785447,71.8006,-0.9513000000000034,-0.010221465076660996,-0.029739776951672958,-0.009111617312072884,0.011602566028165348,-0.005747126436781658,0.10917874396135274,150.71588134765625,68.23735046386719,0.005699999999999999,0.0329,-0.0043,0.054405948380903166,0.06106647345682936,0.0639987462162551,-7.80250904868014,1.9810068036689255,4.09102531243423,0.09583769772366965,0.0,0.054405948380903166,22.0,663.48,0.006772873048161321,-0.027048191848060177,-0.044709532141565145,6.0,,,,11.0
2016-01-31,-0.0780250904868014,-0.07657712643291248,-0.06231788174558606,0.06133785920442869,-0.08183449224734396,20.2,1.9899999999999984,1.6099999999999999,0.019485493053404745,0.003874548851816595,0.014952962778814305,71.9809,-0.7227999999999923,-0.011925042589437829,-0.03221809169764567,-0.019209039548022666,0.010280239066873389,0.035502958579881616,0.07058457711442778,148.23687744140625,49.46942138671875,-0.0215,-0.029500000000000002,-0.025699999999999997,0.09583769772366965,0.06730768540482805,0.06699911134486318,1.3543306326818205,4.9903690042524,22.19263087598477,0.08281710992289813,0.0,0.09583769772366965,19.0,613.68,-0.002240835123629048,-0.1064481837570862,-0.23563425594985643,6.0,,,,12.0
2016-02-29,0.013643306326818205,-0.08476112023776583,-0.1386759863772653,0.057000385089524944,-0.012211362068773823,20.55,0.3500000000000014,1.41,-0.011585975428069162,-0.00635785096603303,-0.010206160315655022,70.2595,-2.1182999999999907,-0.017035775127768327,-0.03105590062111796,-0.0326576576576576,0.008594307788986812,0.01734104046242768,-0.02465912387583402,118.21114349365234,26.279258728027344,-0.0574,-0.0344,0.0208,0.08281710992289813,0.07768691867582365,0.06985396417367884,8.429185219667245,11.65487051371456,25.244309254768606,0.05235126208513287,0.0,0.08281710992289813,20.0,622.11,-0.2543815917636656,-0.22910507230222787,-0.08682389877197783,6.0,,,,45.0
2016-03-31,0.08439185219667245,0.020010068036689255,-0.027093476485057444,0.06479080005978168,0.06619017475902567,13.95,-6.600000000000001,1.57,-0.03857261410207258,0.008859529585744541,0.011249802457732105,69.9774,-1.8232,-0.01873935264054516,-0.031133250311332517,-0.030474040632054056,0.00697311693975831,0.0,-0.05129666571672842,103.74964904785156,-46.96623229980469,-0.0007000000000000001,0.0087,-0.0060999999999999995,0.05235126208513287,0.07700202324390022,0.06779199150442272,-4.793146848096665,2.1100185087653047,20.964125150787925,0.057555747115158505,0.0,0.05235126208513287,22.0,676.89,1.0062239466021805,1.0044866288897625,0.27225049949213553,7.0,,,,38.0
2016-04-30,-0.047731468480966655,0.050303690042523996,-0.061522969227501,0.05736032045514532,-0.019593772037822532,15.7,1.75,1.61,-0.009981499716382736,0.023514674302075766,0.004662832055667865,69.1739,-2.807000000000002,-0.017064846416382284,-0.03117206982543641,-0.02604756511891282,0.007141002918462492,0.03529411764705892,-0.04913936701832311,109.72029113769531,-38.51658630371094,0.0695,0.0101,0.0123,0.057555747115158505,0.06424137304106317,0.06898076289366659,8.018832142143982,17.202261871732368,24.281052621088005,0.056114759866162926,0.0,0.057555747115158505,21.0,645.34,1.3963838024426756,0.07597831206391681,0.23050487715198598,7.0,,,,19.0
2016-05-31,0.08038832142143981,0.1170487051371456,-0.0637687714559414,0.06690020013476439,0.03552419581118649,14.19,-1.5099999999999998,1.5,0.032546317966943406,0.04012076326155145,0.01030853248411634,68.725,-1.5345000000000084,-0.018771331058020535,-0.03495630461922594,-0.016018306636155666,0.010232141192105365,0.035502958579881616,-0.10214911117007164,85.22145080566406,-32.98969268798828,0.0091,0.0123,0.0322,0.056114759866162926,0.05534058968881811,0.06879662082207147,-1.1156667852820112,13.589438741054046,22.815382219090218,0.08930560534289209,0.0,0.056114759866162926,21.0,699.36,0.8610532164842852,0.22672678738448382,0.3933213967834117,7.0,,,,66.0
2016-06-30,-0.011056667852820112,0.021600185087653045,0.01622236258956189,0.06628769963975895,-0.021527338055570056,15.63,1.4400000000000013,1.23,-0.0023669872585099228,0.06037349225769151,0.0116642120062731,68.3704,-1.6069999999999993,-0.020442930153321992,-0.03504380475594504,-0.011494252873563204,0.011887288435409957,0.023391812865497075,-0.045304777594728174,88.3324203491211,-15.417228698730469,0.0178,-0.0062,-0.016200000000000003,0.08930560534289209,0.06765870410807118,0.07182150866915192,10.299096514870397,18.85410664202262,26.93489720662835,0.06153869268050963,0.0,0.08930560534289209,22.0,691.67,1.0158113721934332,-0.19062585151667666,0.53881500552706,7.0,,,,11.0
2016-07-31,0.10309096514870397,0.17242261871732367,0.17095160895244277,0.060878341073575655,0.06388306349992234,11.87,-3.7600000000000016,1.18,-0.0025692336520597436,0.07050198878224845,0.01572374901933027,68.3247,-0.8491999999999962,-0.013722126929674006,-0.035175879396984855,-0.013761467889908285,0.012374988638609006,0.035502958579881616,-0.13190500774393388,90.16812896728516,-19.552162170410156,-0.0003,0.0042,-0.0149,0.06153869268050963,0.06898635262985488,0.07190439170742934,4.40600901146566,7.0787907493556395,20.712280392400395,0.03480719916184733,0.0,0.06153869268050963,20.0,766.78,1.3555026457518213,0.1614767172519842,0.5285501182343721,7.0,,,,16.0
2016-08-31,0.04426009011465659,0.13629438741054045,0.27129759504833917,0.05979028712783278,0.009848422065818596,13.42,1.5500000000000007,1.25,0.004722727408856819,0.10425855560911179,0.024458658502165553,68.94,0.2150000000000034,-0.017123287671232834,-0.032828282828282984,-0.02052451539338651,0.008262343452807788,0.0,-0.07458780423972777,114.6104507446289,29.388999938964844,0.0394,0.024900000000000002,-0.0127,0.03480719916184733,0.06188383239508302,0.06679052470045475,4.149001115686566,9.225943478036173,18.89966733545608,0.06163962768694475,0.0,0.03480719916184733,23.0,801.48,0.8332620622959788,0.047436447290949424,0.5044933223354191,7.0,,,,71.0
2016-09-30,0.04169001115686566,0.18904106642022622,0.3266806944242324,0.056200762933174914,0.01877070509181067,13.29,-0.13000000000000078,1.31,-0.0011046670855074936,0.11414865715157907,0.013806927499458554,68.9409,0.5704999999999956,-0.013745704467354014,-0.031605562579013924,-0.016036655211912887,0.009717800365720562,0.0,-0.05500821018062396,98.73848724365234,10.40606689453125,0.0049,0.0168,0.0317,0.06163962768694475,0.05266183984310058,0.06459726016297533,-1.476219377796586,8.080790564605726,18.954075896347195,0.03922748081182896,0.0,0.06163962768694475,21.0,835.6,0.8900133021187988,-0.00010314489973617391,0.408920423774894,7.0,,,,9.0
2016-10-31,-0.01456219377796586,0.07138790749355639,0.21753708982049158,0.047358393553614944,-0.023402359105627824,17.06,3.7699999999999996,1.5,0.015372048747727796,0.1313858847140148,0.021322994098629033,69.5837,1.2589999999999861,-0.01721170395869187,-0.026717557251908275,-0.01830663615560646,0.00520102100611358,0.0235294117647058,-0.014676827547276283,104.54522705078125,14.377098083496094,0.0027,0.0181,-0.012199999999999999,0.03922748081182896,0.04522476922020702,0.061440045073988266,6.553161740146194,13.633489643044754,19.808220876571596,0.06179535367442635,0.0,0.03922748081182896,21.0,823.52,1.0893224546864348,0.12440780528167905,1.171888712388716,7.0,,,,13.0
2016-11-30,0.06573161740146194,0.09285943478036174,0.26144140709028196,0.045227868067314304,0.025598740473897763,13.33,-3.7299999999999986,1.8900000000000001,0.03231587808680558,0.14349521271345367,0.014797441271217737,69.9333,0.993300000000005,-0.02065404475043031,-0.026785714285714413,-0.012658227848101333,0.007084211697740764,0.0,-0.053000560852495826,85.74778747558594,-28.86266326904297,-0.020099999999999996,-0.0404,0.040999999999999995,0.06179535367442635,0.054220820724400036,0.06228304037103119,3.0038482022561186,9.673723857419906,21.421542636536685,0.07151741417889124,0.0,0.06179535367442635,21.0,879.47,1.0009675739988295,0.01932502874844655,0.6964760285323182,7.0,,,,72.0
2016-12-31,0.030238482022561186,0.08140790564605727,0.3120592251906258,0.03893940787794498,0.011103338189951018,14.04,0.7099999999999991,1.9400000000000002,0.004938382033738975,0.151856874916928,0.009882604285806895,70.1091,1.1681999999999988,-0.02065404475043031,-0.025542784163473775,-0.010344827586206917,0.0077584106588941245,-0.011560693641618491,-0.028455284552845517,82.91875457763672,-15.819732666015625,0.048499999999999995,0.0697,0.0832,0.07151741417889124,0.057513416221715526,0.06370899585419687,4.076479700642443,10.873285331741469,13.051181006832536,0.0463405067848658,0.0,0.07151741417889124,21.0,906.47,0.916407227844944,-0.06816487097742663,0.6729220517643573,7.0,,,,8.0
2017-01-31,0.040864797006424425,0.13683489643044755,0.4309491126838516,0.026787647793211203,0.04213605593675496,11.99,-2.049999999999999,1.9300000000000002,-0.01809738325331356,0.1421247535461465,0.006377552383221463,70.2116,0.627900000000011,-0.018965517241379293,-0.023047375160051176,-0.008064516129032251,0.007745745650172543,-0.034285714285714364,-0.0002904443799012224,102.18046569824219,-2.3647613525390625,0.0181,0.0044,0.035,0.0463405067848658,0.05988442487939447,0.05958422994262988,2.593395954521346,6.174731233526841,13.655077293210244,0.03533816224976046,0.0,0.0463405067848658,20.0,944.28,1.2155394020981327,0.033026398532610246,0.9961664664197987,7.0,,,,11.0
2017-02-28,0.02623395954521346,0.09733723857419907,0.44353976590224686,0.026510937419865613,0.03683034541060515,12.92,0.9299999999999997,1.8299999999999998,-0.0019024470131236981,0.16403909928076232,0.008785359079655386,70.6554,0.7220999999999975,-0.005199306759098854,-0.026923076923076827,0.0,0.014281731057067643,-0.03977272727272729,0.04015466983938132,105.20123291015625,19.453445434570312,0.0194,-0.0144,-0.0274,0.03533816224976046,0.05106536107117251,0.05562765096986841,4.203409676577681,11.74781877911678,13.65339663765545,0.039185919643997875,0.0,0.03533816224976046,19.0,969.38,1.7904768230388135,-0.029056117574958962,0.9204252931180461,7.0,,,,43.0
2017-03-31,0.04243409676577681,0.10953285331741469,0.4015820104713512,0.026568696139380576,0.014705671249990004,12.37,-0.5500000000000007,1.64,-0.010480301474372844,0.16331299729606608,0.010619007075479248,71.4099,1.3007999999999953,-0.00520833333333337,-0.023136246786632397,-0.002328288707799775,0.011274424281269688,0.0,0.08140582757584869,114.20635986328125,31.28760528564453,0.0355,-0.0229,-0.0152,0.039185919643997875,0.04028819622620806,0.054530539099773824,-0.6220743975721854,2.177895675091066,14.405431387686361,0.04447989163275817,0.0,0.039185919643997875,23.0,1011.4,0.31205052238926934,-0.05751314368808247,0.5957295514887719,7.0,,,,37.0
2017-04-30,-0.005820743975721854,0.06284731233526841,0.443492734976596,0.02358897963683964,0.022722948341352023,10.82,-1.549999999999999,1.49,-5.314017027924223e-05,0.17594804374223028,0.015574737600661637,72.6936,2.4819999999999993,-0.00520833333333337,-0.016731016731016735,-0.0034883720930232176,0.007200672843093618,-0.017045454545454586,0.04204379562043803,96.63587951660156,-5.544586181640625,0.0017000000000000001,0.0075,-0.0333,0.04447989163275817,0.03966799117550551,0.053440884476240465,8.166483500111285,7.480346059683403,23.430972988311588,0.06304592096158758,0.0,0.04447989163275817,19.0,1005.53,0.09215607288011296,-0.10435137385719384,0.8301745261164377,7.0,,,,12.0
2017-05-31,0.08196483500111285,0.1185781877911678,0.44506924855626906,0.028479374915611443,0.024647401206879138,10.41,-0.41000000000000014,1.23,-0.013084002959709018,0.20565916582921773,0.03583466037207672,75.6299,4.974500000000006,0.0017391304347826875,-0.005174644243208126,-0.0046511627906977715,0.0038494623138989764,0.0,0.07446808510638303,119.45992279052734,14.258689880371094,0.0108,0.0042,-0.0208,0.06304592096158758,0.048903910746114554,0.05401848123419253,-5.366513427448033,1.9055778585386687,14.934316071231011,0.07151593465678631,0.0,0.06304592096158758,22.0,1091.42,0.05862184985571073,0.18906062345456376,0.40847056826944295,7.0,,,,67.0
2017-06-30,-0.05316513427448033,0.022978956750910662,0.40296078213460884,0.0464992220891352,-0.009417410149531236,11.18,0.7699999999999996,1.28,-0.011594322487662012,0.19203194771334364,0.0002296629498226288,76.0977,4.68780000000001,0.0,-0.0012970168612190802,-0.005813953488372103,0.0030519672452632165,-0.005714285714285672,0.05924647684785733,102.57996368408203,-11.626396179199219,0.010700000000000001,-0.029900000000000003,-0.0382,0.07151593465678631,0.05968058241704403,0.05253600867701704,4.680375987020152,12.227535712595296,18.666611293297112,0.047198306785100654,0.0,0.07151593465678631,22.0,1034.91,0.2331456581408884,-0.0571928803947076,0.2684049175773464,7.0,,,,12.0
2017-07-31,0.04740375987020151,0.07620346059683403,0.3472735768561064,0.04710014185900191,0.03326556234877032,10.26,-0.9199999999999999,1.2299999999999998,-0.01958429157119923,0.16785506461950161,-0.0048772377099152164,76.2623,3.5686999999999927,-0.0017391304347826875,0.0013020833333334814,-0.005813953488372103,0.00357050753043394,-0.011428571428571455,0.08236693428486475,126.78901672363281,30.15313720703125,0.0078000000000000005,0.0254,0.0151,0.047198306785100654,0.060586720801158185,0.05134097651906629,2.5917152989665504,15.950626928628184,22.20688068468192,0.05785830997225011,0.0,0.047198306785100654,20.0,1085.15,0.05283750050185865,-0.008352147364110052,0.7384288102830221,7.0,,,,13.0
2017-08-31,0.026517152989665504,0.020755778585386686,0.3295306397311153,0.04710396189157199,0.012607412320695843,10.59,0.33000000000000007,1.11,-0.004097889589510295,0.12883593474531785,-0.009769463340891904,76.0955,0.4655999999999949,-0.013937282229965153,0.011749347258485754,-0.002328288707799775,0.012863070521677483,0.0,0.07409502262443435,102.81346130371094,-16.646461486816406,0.018799999999999997,-0.016399999999999998,-0.0023,0.05785830997225011,0.058857517138045705,0.05326190241993319,4.955444426608594,13.028738212692343,19.563351263279625,0.0508786328432136,0.0,0.05785830997225011,23.0,1114.31,0.22315098979968329,0.21687622890093539,0.8083238984979344,7.0,,,,64.0
2017-09-30,0.05025444426608594,0.12417535712595296,0.3380950728403356,0.04784426070461231,0.010414326807079988,9.51,-1.08,1.27,0.006544408478390551,0.11128954516835732,-0.001951475257041424,76.5273,0.42959999999999354,-0.017421602787456414,0.01436031331592691,-0.002328288707799775,0.01589762958544445,0.0,0.140457573124819,138.5316162109375,35.95165252685547,0.0018,-0.0183,-0.0213,0.0508786328432136,0.05197841653352147,0.05236515284962226,8.40346720305304,6.439075580701818,12.03617088147158,0.03333698266899409,0.0,0.0508786328432136,20.0,1171.74,0.17550488714917756,-0.039052701083169494,0.501735236753533,7.0,,,,10.0
2017-10-31,0.0849346720305304,0.16170626928628185,0.43759193864883184,0.050598305540027,0.03504842751128123,10.18,0.6699999999999999,1.23,0.015489834108846523,0.09549463135603431,0.006806787466011377,77.5998,1.3375000000000057,-0.019264448336252182,0.015686274509803866,0.0,0.017505861899941192,-0.017241379310344862,0.1429389859639072,115.5344467163086,-11.254570007324219,0.024900000000000002,0.047599999999999996,0.0315,0.03333698266899409,0.04735797516148595,0.05187427800438602,-0.3301734169692915,6.256253756053736,-3.0471009529794166,0.0629106293992081,0.0,0.03333698266899409,22.0,1275.61,0.16322089225259173,0.11265777353552542,0.2901364410551719,7.0,,,,15.0
2017-11-30,-0.002401734169692915,0.13278738212692343,0.369458587077677,0.04815128865660882,0.02151294143071958,11.28,1.0999999999999996,1.15,-0.012061153094142796,0.09405468395951577,0.013463564416209106,79.1401,3.0446000000000026,-0.01581722319859402,0.022280471821756187,0.0174825174825175,0.02074980907998236,-0.005780346820809301,0.20225051821143025,91.4615707397461,-11.351890563964844,0.0225,-0.0191,0.0013,0.0629106293992081,0.049042081637138614,0.05196721764811784,-1.634218205381931,6.534613050587284,7.433583740971828,0.04546715873557525,0.0,0.0629106293992081,21.0,1272.55,0.2144633910263123,0.0642285908178275,0.5966257699285715,7.0,,,,66.0
2017-12-31,-0.015442182053819309,0.06709075580701818,0.3237779230012965,0.03697780916926567,0.00427078115362356,11.04,-0.2400000000000002,1.01,-0.003504987421299788,0.102037632794445,0.01725137778268704,80.92,4.392700000000005,-0.01581722319859402,0.022280471821756187,0.015098722415795685,0.02024354869921746,-0.005847953216374324,0.20830842797369997,92.59601593017578,-45.93560028076172,0.031200000000000002,-0.0037,-0.0009,0.04546715873557525,0.04723825693459249,0.049796363027841496,8.220645378404958,5.597095300769763,4.076700414569773,0.06929909972274949,0.0,0.04546715873557525,20.0,1253.05,0.07904293992212796,-0.1720704596179563,0.484785159151387,7.0,,,,12.0
2018-01-31,0.08300645378404958,0.06516253756053736,0.36591957977892164,0.04242316626757074,0.07101755415848743,13.54,2.5,1.2600000000000002,-0.030518688939340954,0.11795844180111015,0.020916388738074776,82.9258,5.325999999999993,-0.01581722319859402,0.02490170380078638,0.015098722415795685,0.021252157354204642,0.00591715976331364,0.20366066240557812,82.71825408935547,-32.816192626953125,0.0106,-0.0105,0.0005,0.06929909972274949,0.059225629285844295,0.05170957910599847,-0.05181412243574371,-9.303354709033153,-0.2724715901094249,0.10084619870555744,1.0,0.06929909972274949,21.0,1361.5,0.11306981221974821,0.06560217104586741,0.535947614826459,7.0,,,,7.0
2018-02-28,0.0003818587756425629,0.06794613050587284,0.34006747900935075,0.04507371073839687,-0.018859913339165146,19.85,6.310000000000002,1.2200000000000002,0.015065359794344424,0.12096617177954139,0.011499372278051423,84.0693,4.9291999999999945,-0.022648083623693305,0.030303030303030276,0.020954598370197974,0.02826189284396945,0.0,0.19902773806119534,92.42678833007812,0.9652175903320312,0.0558,-0.0321,-0.0132,0.10084619870555744,0.0718708190546274,0.05716858214398155,-2.571735955199451,0.8989706903845442,2.0760120433875477,0.09036749533053505,0.0,0.10084619870555744,19.0,1362.02,0.21564854845299686,0.06042451995481124,0.40410147789343265,7.0,,,,45.0
2018-03-31,-0.02461735955199451,0.058770953007697635,0.27301602269157943,0.049626937133279765,-0.02923805115887035,19.97,0.11999999999999744,1.0100000000000002,-0.008448704460858991,0.10604900897973812,-0.002829720135608782,83.8764,2.956400000000002,-0.017452006980802848,0.03157894736842115,0.022170361726954413,0.02602078678730386,0.0,0.1972222222222222,64.49137115478516,-28.104644775390625,-0.0364,0.0034000000000000002,-0.011000000000000001,0.09036749533053505,0.086837597919614,0.061433713451192994,-6.679804631397958,-1.5203948861999903,1.9976809783844858,0.08973270747344934,0.0,0.09036749533053505,21.0,1328.9,0.15802375134449065,-0.10218938991197857,0.5034066632032379,7.0,,,,33.0
2018-04-30,-0.06569804631397957,-0.08993354709033152,0.2131387203533217,0.04889668092648363,0.00040057439789364935,15.93,-4.039999999999999,1.08,0.01713855634827599,0.0819069162217283,-0.006592543703141551,83.2221,0.29630000000000223,-0.017452006980802848,0.030104712041884696,0.025670945157526326,0.026270670636384323,0.01734104046242768,0.13309050154104796,111.96229553222656,29.244041442871094,-0.0235,0.0361,-0.0021,0.08973270747344934,0.09364880050318063,0.06520478143791725,10.150511276981954,9.030883118923727,-4.301709704261875,0.05219258703891066,0.0,0.08973270747344934,21.0,1244.4,0.08876495451742183,-0.15791810437929932,0.22322918538013092,7.0,0.6072707527528503,0.2669536088497643,0.3755807200929152,17.0
2018-05-31,0.10270511276981953,0.012389706903845443,0.2338789981220284,0.06561040300689919,0.051822995133170124,15.43,-0.5,0.9000000000000001,0.02397577046478272,0.04934387671059293,0.004658295319811101,83.3632,-0.7060999999999922,-0.02083333333333337,0.02730819245773719,0.032710280373831946,0.029477979431454904,-0.011428571428571455,0.14053905390539057,123.26347351074219,30.836685180664062,0.0029,0.0089,0.0053,0.05219258703891066,0.07743092994763169,0.06430033694436084,-4.991101531783985,1.1770413530030037,-11.546985187970847,0.05566248281749731,0.0,0.05219258703891066,22.0,1379.0,0.11872216160103477,0.22177745107103175,0.3926382510490021,7.0,0.5885241041108454,0.23506291212049038,0.5290790479789327,69.0
2018-06-30,-0.048511015317839856,-0.011503948861999902,0.23853311707866887,0.06977357959780799,0.009119657223786604,16.09,0.6600000000000001,0.9200000000000002,0.011269475710796506,0.052306592980261524,0.003053710206014637,83.2332,-0.6432000000000073,-0.022608695652173827,0.028571428571428692,0.03859649122807007,0.03282778776651104,-0.005747126436781658,0.1515069237035025,125.66661834716797,61.17524719238281,0.0263,0.0471,-0.031400000000000004,0.05566248281749731,0.06586259244328578,0.06297921595775342,3.87147337372576,3.518075864584476,-13.800006420320058,0.055711440843320206,0.0,0.05566248281749731,21.0,1313.7,0.1657923374761514,-0.017524320622348544,0.4061046470541554,7.0,0.3607183840104341,0.1607012196412954,,9.0
2018-07-31,0.0401147337372576,0.09430883118923727,0.23124409094572496,0.062337875545224714,0.021274553227858206,12.83,-3.26,0.9300000000000002,-0.004679007689096792,0.06787504475474404,0.009845202344866077,83.5355,0.31340000000000146,-0.020905923344947674,0.02730819245773719,0.037426900584795364,0.031170786441831775,0.0,0.18296703296703298,103.96858978271484,-7.993705749511719,0.0049,0.0077,-0.0233,0.055711440843320206,0.05452217023324274,0.06368864379593839,2.296669511061229,-13.332592823185603,-8.210110009866842,0.04699816701773102,1.0,0.055711440843320206,21.0,1367.47,0.23429023793695714,0.049913629239876744,0.16931825682087598,7.0,0.45948661250781137,0.27403664569380853,0.3781872718650331,12.0
2018-08-31,0.02436669511061229,0.015970413530030036,0.22909363306667174,0.06307580322955705,0.05549118147629706,12.86,0.02999999999999936,0.75,0.013617507637697202,0.08004764693061972,0.0015180767550784235,83.0378,-0.3254000000000019,-0.012367491166077826,0.019354838709677358,0.03967327887981331,0.026227806397863776,0.0,0.10610847814639279,110.02842712402344,-13.23504638671875,0.032,-0.0191,0.004699999999999999,0.04699816701773102,0.05279069689284952,0.0627836318830618,-2.6500670202025134,-12.72402654097385,-4.737628271556196,0.04836159198242357,1.0,0.04699816701773102,23.0,1401.2,-0.02384120461934658,-0.037613360924952155,-0.029672199785681697,7.0,0.6121530663242607,0.21027439934020997,0.4059734513274336,66.0
2018-09-30,-0.024900670202025132,0.03958075864584476,0.15393851859856067,0.06310226400750525,-0.007822573962814161,12.12,-0.7400000000000002,0.8599999999999999,-0.004102017649303846,0.08549844321404354,0.0030854869592145118,82.5889,-0.6443000000000012,-0.015957446808510634,0.016731016731016624,0.037339556592765444,0.026875695759564153,0.011627906976744207,0.04596241747079732,112.74168395996094,-12.924934387207031,0.0346,0.0067,-0.0393,0.04836159198242357,0.05035706661449161,0.06257387847799596,-12.979195314044318,-17.318082284904534,1.0031597719756622,0.114888785466451,1.0,0.04836159198242357,19.0,1366.74,0.23243929514051254,0.21323417598508265,0.053178916656780206,7.0,0.7115915888833777,0.3250890562294269,,8.0
2018-10-31,-0.12819195314044318,-0.12872592823185602,-0.05918810657241291,0.07995046460734517,-0.09653633155803654,21.23,9.110000000000001,0.81,0.023622263668908516,0.06554466964790828,-0.011700465849305841,80.8729,-2.6625999999999976,-0.0017857142857142794,0.02445302445302433,0.038461538461538325,0.02043098638925585,0.040935672514619936,0.03433583959899744,75.05390930175781,-28.91468048095703,0.0006,-0.024900000000000002,-0.0168,0.114888785466451,0.07008284815553521,0.0693698620444507,2.9052357932729813,5.122482813318761,24.69977113008489,0.09587743160510652,0.0,0.114888785466451,23.0,1202.3,-0.03766857573568627,-0.13119814976110045,0.23410137210657522,7.0,0.44646098003629764,0.18851247487288636,0.38643086883358163,18.0
2018-11-30,0.030552357932729812,-0.1225402654097385,-0.026234014469990186,0.06426516559905487,0.0033669421358197837,18.07,-3.16,0.6399999999999997,-0.000988232728077243,0.03807788959591618,-0.012660709495016187,79.075,-3.9628000000000014,-0.0071428571428571175,0.023076923076922995,0.018327605956472093,0.016250823672133836,0.011627906976744207,0.03103448275862064,92.0164794921875,-18.011947631835938,-0.0764,-0.0436,0.034300000000000004,0.09587743160510652,0.08637593635132705,0.0721170955616089,-7.244122764133198,7.986398269417655,3.323273024334669,0.11006756159526505,0.0,0.09587743160510652,21.0,1239.6,-0.03486167558192299,0.06733270164688987,0.17110988036148078,7.0,0.456051303872105,0.20606253207767872,0.5582992105086252,62.0
2018-12-31,-0.07054122764133197,-0.16818082284904534,-0.08133306005750285,0.06694673983615265,-0.09964831568909815,25.42,7.350000000000001,0.23999999999999977,-0.007290303363525652,-0.001361203753974971,-0.021396465939611753,76.6086,-5.9803,-0.0071428571428571175,0.023076923076922995,0.016018306636155444,0.01580874594535111,0.0235294117647058,0.07890180558990845,80.40758514404297,-32.33409881591797,0.0171,-0.008100000000000001,0.0034000000000000002,0.11006756159526505,0.10694459288894087,0.07750046246658306,9.461369784178977,18.321242056880195,22.18763338363155,0.11716960067979006,0.0,0.11006756159526505,19.0,1155.17,0.1319455654290267,-0.028977351730170797,0.2343510267697757,7.0,0.4659401405679021,0.23655563353552844,,9.0
2019-01-31,0.09641369784178977,0.05642482813318761,-0.06792581599976266,0.07997603021959686,0.09296897729312548,16.57,-8.850000000000001,0.21999999999999975,-0.017607118323835103,-0.026611232139363783,-0.00489691622428734,75.4657,-5.407200000000003,-0.0071428571428571175,0.01534526854219953,0.014874141876430214,0.012849682246249015,0.05294117647058827,0.0347574221578566,90.607666015625,15.553756713867188,-0.0955,-0.028300000000000002,-0.018799999999999997,0.11716960067979006,0.10770486462672056,0.08148967087966978,5.769151249371874,19.577288316766133,18.080436101591847,0.0487950241185643,0.0,0.11716960067979006,21.0,1272.09,0.10597069510365631,0.04114968935708685,-0.08404033297438629,7.0,0.4782940953947786,0.2731309455896637,,8.0
2019-02-28,0.059591512493718746,0.08546398269417654,-0.00871616228168648,0.08435682857364551,0.03386113011681324,14.78,-1.790000000000001,0.2799999999999998,0.0056966250575749555,-0.025928460844428236,0.012208875776591466,75.626,-3.448999999999998,-0.017825311942959,0.01534526854219953,0.012542759407069504,0.01839547600496423,0.053254437869822535,0.011686143572620988,87.42410278320312,-4.592376708984375,0.0836,0.0288,-0.004,0.0487950241185643,0.09201072879787314,0.07715207299742034,3.090721023329345,-4.663125245082986,9.668701101618908,0.07092167161038755,1.0,0.0487950241185643,19.0,1350.2,-0.1927560967439248,-0.22600008084613699,-0.13896899142377217,7.0,0.5515484040401173,0.19788484136310222,0.5799934832192897,43.0
2019-03-31,0.03300721023329345,0.18901242056880196,0.04890840750360148,0.08509593143266758,0.02578991502185879,13.71,-1.0699999999999985,0.010000000000000231,0.008180175921101096,-0.013656790404751207,0.009732955761219575,75.6263,-0.9822999999999951,-0.02131438721136758,0.010204081632652962,0.013698630136986356,0.019285301533191742,0.011428571428571344,-0.03201856148491877,96.80016326904297,16.392578125,0.0342,0.0173,-0.026600000000000002,0.07092167161038755,0.07896209880291398,0.07553158768740804,10.717416044064912,3.866391326751353,9.902427815318276,0.05936460079085429,0.0,0.07092167161038755,21.0,1395.51,-0.017676156499147333,0.09253320549110433,-0.2667051901760742,7.0,0.23563089357880557,0.2838363564801111,0.45645147112214457,32.0
2019-04-30,0.10897416044064911,0.2015728831676613,0.22358061425823017,0.06422974585594435,0.046273874078964994,13.12,-0.5900000000000016,0.07999999999999963,0.0016575174362882805,-0.0013534172363560693,0.0057989469303285635,75.3679,-0.09779999999999234,-0.02131438721136758,0.0025412960609911828,0.010238907849829282,0.01645173385422596,0.011363636363636465,-0.013847675568743778,82.32829284667969,-8.279373168945312,0.011000000000000001,-0.0354,-0.0416,0.05936460079085429,0.059693765506602055,0.07300091213052513,-18.471262312477243,-1.496852215174283,4.7880308335277535,0.0910771107262819,0.0,0.05936460079085429,21.0,1556.18,0.05888625734421726,-0.0922861612995618,-0.2334525648064396,7.0,0.5879752283842049,0.18592372638177365,0.3704745420452906,14.0
2019-05-31,-0.18281262312477242,-0.04083125245082986,-0.06193712163636178,0.11302751841920909,-0.0826580020359291,18.71,5.590000000000002,-0.20999999999999996,0.01205933545880633,-0.0016377018590181258,0.004372299343538,75.0528,-0.5731999999999999,-0.02127659574468077,-0.013924050632911356,0.005656108597285048,0.013921285370923872,0.0,-0.03207137689896311,79.25344848632812,-8.170654296875,0.0397,-0.0111,0.0213,0.0910771107262819,0.07378779437584126,0.07624128910447273,11.620237595163683,14.331826346701893,26.97639146093026,0.08620075374409189,0.0,0.0910771107262819,22.0,1296.18,0.051973787068055666,0.2138016177310138,-0.3036996357118852,7.0,0.6851285762411569,0.20923384856121752,0.5267301139701562,68.0
2019-06-30,0.11830237595163684,0.04446391326751353,0.10487626963311492,0.11326279234585461,0.07158447581718974,15.08,-3.630000000000001,-0.1200000000000001,-0.01854884847798921,-0.004837955756781809,-0.00016158202981042535,74.46,-1.1663000000000068,-0.019572953736654797,-0.022727272727272707,0.0,0.012312454208995294,0.005780346820809301,-0.04857344965809951,106.4719009399414,9.671737670898438,-0.0692,-0.0151,-0.0236,0.08620075374409189,0.07888082175374271,0.07878614501502228,5.354172502139275,6.036036488566923,22.655635945980894,0.06879858107407702,0.0,0.08620075374409189,20.0,1458.96,-0.0508481686422223,-0.1135533966632507,-0.1897049875105291,7.0,0.3939621285768629,0.30573758905212567,-0.0027209407146546183,9.0
2019-07-31,0.05564172502139275,-0.00886852215174283,0.12040326091725007,0.11030751473305112,0.020910853972470278,16.12,1.040000000000001,-0.06000000000000005,0.007932179003748985,-0.005675558126041258,0.008995241538018117,74.6172,-0.750700000000009,-0.016014234875444955,-0.025316455696202556,0.0011273957158961512,0.013414197013073451,0.023121387283236983,-0.03390617742684621,106.58845520019531,24.260162353515625,0.0699,0.0019,-0.0072,0.06879858107407702,0.08202548184815028,0.07987674003425202,-2.6425837506010663,6.284883048702036,13.901093479491447,0.09877497307677434,0.0,0.06879858107407702,22.0,1542.44,-0.09003730941258281,0.00656417591359193,-0.25152291551681794,7.0,0.5468322691943917,0.22596606416004017,0.4762958696808459,12.0
2019-08-31,-0.02462583750601066,0.14931826346701893,0.07141072830062711,0.11146444492337693,-0.026341348145988874,18.98,2.8599999999999994,-0.49,0.022794704624967466,-0.00014971772164973363,0.0070838949339333546,74.7157,-0.3371000000000066,-0.008944543828264706,-0.03797468354430378,-0.0056116722783389195,0.017800849899663133,0.028901734104046284,-0.04022851701975716,93.52125549316406,14.267807006835938,0.012199999999999999,-0.0182,0.005,0.09877497307677434,0.08459143596498109,0.08419147387250563,3.324447737028714,12.644565114228365,11.574203549239956,0.06362011096933275,0.0,0.09877497307677434,22.0,1504.92,-0.01113508806414587,0.0458345039210879,-0.15924565471739371,7.0,0.6240643380227304,0.2229965156794425,0.3734501269209595,63.0
2019-09-30,0.03514447737028714,0.06616036488566923,0.1314558758729394,0.11152508316937564,0.004567044708201351,16.24,-2.740000000000002,-0.19999999999999996,-0.0017907397980563289,0.012128769091709568,0.015403703138776592,75.5194,1.0594000000000108,0.0,-0.05063291139240511,-0.003374578177727905,0.02830909615941552,0.034482758620689724,0.018208302986161717,103.4044189453125,-3.0674819946289062,-0.0255,-0.0325,-0.04769999999999999,0.06362011096933275,0.07706455504006138,0.08546301712141473,5.603019062274388,16.619599457413972,-4.018391502294802,0.07720465059572855,0.0,0.06362011096933275,20.0,1558.75,-0.1883319615308744,-0.0041679182470614196,-0.1005929646444017,7.0,0.3080304910476866,0.22393472348141433,0.5501359927470535,8.0
2019-10-31,0.05763019062274388,0.06814883048702036,0.31727801963612645,0.10496572910613707,0.03597682079859155,13.22,-3.019999999999998,0.1499999999999999,-0.017392144322695202,0.01999429672418107,-0.0040201216753161795,74.9639,0.34669999999999845,-0.005366726296958779,-0.06281407035175879,-0.0056116722783389195,0.033096756343671985,0.03370786516853941,0.0019384540828688568,90.36798858642578,-16.22046661376953,0.014199999999999999,0.0029,0.0676,0.07720465059572855,0.07986657821394523,0.08232267254885452,3.7170983149252623,7.616210430789411,3.8923506128691407,0.04854306675477186,0.0,0.07720465059572855,23.0,1651.22,0.024095288042299545,0.09618198438638248,-0.14788301935651027,7.0,0.4753962639205712,0.1936038813557684,0.441492144117571,22.0
2019-11-30,0.038970983149252625,0.13174565114228365,0.32569664485264926,0.04605831578461676,0.04401155392559808,12.62,-0.6000000000000014,0.18999999999999995,0.010366869381371657,0.03533205327597444,0.002186010452753351,74.9689,0.25320000000000675,-0.0017985611510791255,-0.057644110275689164,-0.013498312710911176,0.029451827861275957,0.06321839080459779,-0.03248924988055424,97.83673095703125,4.3154754638671875,0.0207,0.0025,-0.0192,0.04854306675477186,0.0631226094399444,0.07837814214465996,7.29948208021432,-1.07036156498841,6.824528827876766,0.05095318552283951,0.0,0.04854306675477186,20.0,1716.84,-0.06891450680951838,-0.029603976783285302,-0.2417652403490863,7.0,0.6483479084369149,0.1721264367816092,0.4644191797969241,53.0
2019-12-31,0.0744948208021432,0.1710959945741397,0.47073269329612444,0.034482630701119475,0.03482932624650381,13.78,1.1600000000000001,0.3699999999999999,-0.021152748172252878,0.07728079406933341,0.018253794921018418,76.2725,0.7530999999999892,-0.0017985611510791255,-0.06015037593984962,-0.011261261261261257,0.0313172543405239,0.06321839080459779,-0.053415864282439274,73.07838439941406,-30.326034545898438,0.0387,0.0039000000000000003,-0.02,0.05095318552283951,0.05890030095777998,0.0734519441386245,-3.4003699643501717,-20.637990959708773,7.008538189126543,0.0770496292205926,1.0,0.05095318552283951,21.0,1849.62,0.059092764673979836,0.10452055008739358,-0.13297381540617847,7.0,0.49718107098027814,0.26481481481481484,-0.3802930531331578,10.0
2020-01-31,-0.032803699643501716,0.08066210430789411,0.34151529581083295,0.04385503668274532,0.019681117107969825,18.84,5.0600000000000005,-0.040000000000000036,0.00924905737697479,0.0988076004495646,0.014987770786508703,77.4432,2.479300000000009,0.0,-0.052896725440806036,-0.007891770011273946,0.028535911904957672,0.027932960893854775,-0.10636808957312804,74.27989196777344,-16.088096618652344,0.0276,0.009899999999999999,0.0173,0.0770496292205926,0.058848627166068,0.07010861318369137,-4.969473680852558,-3.7238598179202707,17.175033730116716,0.10524356536808814,0.0,0.0770496292205926,21.0,1789.93,-0.0019451653581779027,-0.0188541403466721,-0.009796301153062292,7.0,0.38725914438796616,0.2199312673346942,0.5525351221221799,16.0
2020-02-29,-0.048294736808525585,-0.006603615649884098,0.23362904650858862,0.049845692198991244,-0.06589580522100924,40.11,21.27,-0.14000000000000012,0.016473137345697886,0.06924104535299058,-0.01502749343185339,76.3936,1.4247000000000014,0.007259528130671544,-0.0591939546599497,-0.0011261261261260591,0.03618990946601802,0.061797752808988804,-0.04738330975954741,138.4209442138672,40.58421325683594,-0.0009,-0.0437,-0.0622,0.10524356536808814,0.07774879337050676,0.07481265828781837,-12.268147314506043,7.894890392865176,27.77732845385168,0.3446167773975429,0.0,0.10524356536808814,19.0,1705.54,0.26087732507232664,-0.022179028851502247,0.015222144752038869,7.0,0.461683121767748,0.19775397037426967,0.5358004023348639,38.0
2020-03-31,-0.12138147314506043,-0.20247990959708773,0.07924036313023475,0.07532227121914586,-0.10672748524196862,53.54,13.43,0.59,0.040584802029549394,0.03753231182775174,-0.0202110436438111,75.0445,-1.2279999999999944,0.005444646098003547,-0.05429292929292928,0.011261261261261257,0.0362853570667286,0.062146892655367214,-0.029002876318312554,75.95555877685547,2.8771743774414062,-0.0815,0.0008,-0.0382,0.3446167773975429,0.1756366573287412,0.09762058377008132,13.513761177438331,27.646529148835317,39.31131591773303,0.17464792086347655,0.0,0.3446167773975429,22.0,1510.59,-0.031677697251290104,-0.1609617776972151,0.035740270839067056,7.0,0.4240449998219944,0.4861301077308927,-0.20011946311099382,29.0
2020-04-30,0.1363376117743833,-0.033338598179202705,0.10660381446396894,0.09319316949522005,0.14364311378368377,34.15,-19.39,0.55,-0.0016589271585614185,0.0389853076696034,0.007207502279370281,75.8552,-1.588000000000008,0.00907441016333932,-0.04816223067173653,0.011261261261261257,0.03369462559845167,0.07303370786516838,-0.018806419257773266,81.54003143310547,7.260139465332031,-0.1335,-0.0818,-0.1383,0.17464792086347655,0.20816942120970253,0.10722752710946648,6.649276529932888,20.898893548036988,25.877972471892168,0.11124396881190815,0.0,0.17464792086347655,21.0,1731.24,0.024569722985022358,-0.03955933512322651,0.21837503320589446,7.0,0.5020083298719891,0.19414111717765645,0.5485306507115707,16.0
2020-05-31,0.06769276529932888,0.08264890392865176,0.35710920288807024,0.09581006753943971,0.06534848432589335,27.51,-6.639999999999997,0.51,-0.01135527556903071,0.01600607019274558,-0.017841402247256832,74.8278,-1.56580000000001,-0.005434782608695676,-0.024390243902439046,0.017997750281214753,0.021233366672169556,0.12138728323699421,0.0007473841554559435,69.33940124511719,-69.08154296875,0.1358,0.025699999999999997,-0.0134,0.11124396881190815,0.21016955569097587,0.10890809861660201,7.483491441464096,19.882438060986505,36.26066128465763,0.09549765587693157,0.0,0.11124396881190815,20.0,1852.49,0.1036698389529509,0.3075110516237678,0.25929558168403233,7.0,0.7859121487930352,0.19757028809441166,0.292301135100613,58.0
2020-06-30,0.07483491441464096,0.27886529148835315,0.31364174135107437,0.09585404653164199,0.05821997689698577,30.43,2.919999999999998,0.5,-0.003984087168533712,0.012719789436876017,-0.0033955683694110173,74.9479,-0.09659999999999513,-0.003629764065335772,-0.01421188630490966,0.016891891891891886,0.015814364211247576,0.11494252873563227,-0.045600991325898343,68.50721740722656,-7.448341369628906,0.0559,0.0192,-0.05,0.09549765587693157,0.12712984851743878,0.10968284046100533,6.766125576640002,11.664786768897725,33.60453870070485,0.07526447406509368,0.0,0.09549765587693157,22.0,1996.44,0.11074601030253439,-0.10786995054913195,0.04291304206682156,7.0,0.45175529029760875,0.30190059841555084,-0.2767908464684418,8.0
2020-07-31,0.06776125576640002,0.21028893548036987,0.32576127209608163,0.09508877995971515,0.0660207669504107,24.46,-5.969999999999999,0.4600000000000001,-0.02740658362583659,0.023213969594420458,0.01945082654114416,76.8261,0.9709000000000003,-0.00723327305605781,-0.011688311688311748,0.027027027027027195,0.021183692559928153,0.09039548022598876,-0.06538461538461537,71.22785949707031,-10.312171936035156,0.024399999999999998,0.0195,-0.0217,0.07526447406509368,0.0940020329179778,0.11022166487692338,5.632821042882407,4.979078923855181,30.05187604790049,0.05673749480658065,0.0,0.07526447406509368,22.0,2136.41,0.10256982580904017,-0.0008451276809985364,0.1622133523129652,7.0,0.5896648931863571,0.17001216545012166,0.48767345086787245,18.0
2020-08-31,0.056428210428824066,0.19902438060986505,0.40681532003091636,0.08724265639541696,0.0915520472115734,26.41,1.9499999999999993,0.61,-0.012444852303187481,0.03962347330161209,0.023234717145558914,79.0645,4.236699999999999,-0.012635379061371799,-0.0026315789473684292,0.02934537246049662,0.021927854950582658,0.061797752808988804,-0.02356150793650791,66.47328186035156,-2.866119384765625,0.0583,-0.0319,-0.0144,0.05673749480658065,0.07583320824953531,0.10671854168774057,-0.7341598506246838,16.378223223671124,30.474695596943263,0.10479016055410972,0.0,0.05673749480658065,21.0,2260.43,0.13465254125556947,0.07626632783649545,0.1755920719162738,7.0,0.6733494611037895,0.2033969093693443,0.3380767255923128,53.0
2020-09-30,-0.007241598506246838,0.11694786768897725,0.3644292441543824,0.0457981394996948,-0.05299381264246783,26.37,-0.03999999999999915,0.59,0.01020530153202337,0.029607293924111433,0.005620867436811006,79.9724,5.024499999999989,-0.01621621621621616,0.005333333333333412,0.02934537246049662,0.022791882588540417,0.03333333333333344,-0.03338102050548397,65.46604919433594,-3.041168212890625,0.0762,-0.0089,-0.0302,0.10479016055410972,0.07893070980859468,0.11014937915313865,0.08041773159745859,21.939751931807123,33.06016208375506,0.080641006562165,0.0,0.10479016055410972,21.0,2244.12,0.14922657095304115,0.008623033877456443,0.17359260773556828,7.0,0.3190784346537495,0.16060062248342072,0.39531584775665085,7.0
2020-10-31,0.0009041773159745858,0.050090789238551814,0.3077032308476131,0.03663867824030591,-0.02319836523294505,38.02,11.650000000000002,0.79,-0.006955538005462003,0.06497794217050523,0.030195306036392422,82.8602,6.034100000000009,-0.01618705035971224,0.008042895442359255,0.02934537246049662,0.022781890939069235,-0.016304347826086918,-0.01354292623941955,80.37738037109375,9.149520874023438,-0.0364,-0.0001,-0.027200000000000002,0.080641006562165,0.08072288730761845,0.11043574215034169,17.03196534269835,25.072797124045305,32.46802751206594,0.08938723319106777,0.0,0.080641006562165,22.0,2246.15,0.09127791667032592,0.040908052813891205,0.17131558451038442,7.0,0.4693427437141597,0.17991988546687349,0.5320974997619088,20.0
2020-11-30,0.1704196534269835,0.16408223223671126,0.43915190112534397,0.06402766533551645,0.1115071406356467,20.57,-17.450000000000003,0.76,-0.02537446317781633,0.09988933200947758,0.03503899746464656,86.2359,7.1714000000000055,-0.03063063063063065,-0.005319148936170248,0.039908779931584926,0.03573524193682509,-0.016216216216216273,0.05234567901234577,76.08316802978516,9.609886169433594,-0.0208,0.0467,0.0425,0.08938723319106777,0.09160613343578083,0.11383942268669968,4.827368857511315,14.096472373272137,17.90046721221767,0.054351286644079275,0.0,0.08938723319106777,20.0,2663.49,0.2843828581238981,0.14211054651779675,0.3277931651261976,7.0,0.6258340891432261,0.21397439593104334,0.3349275032262962,56.0
2020-12-31,0.04837368857511315,0.21969751931807124,0.4130307688983139,0.0637550127531912,0.054985703557850485,22.75,2.1799999999999997,0.8400000000000001,-0.01700119998776728,0.09158392196373955,0.010564825629901575,87.5956,7.623200000000011,-0.028828828828828867,-0.00666666666666671,0.03872437357630987,0.03443579320327212,-0.016216216216216273,0.040445628481472484,70.06746673583984,4.601417541503906,0.1244,0.0712,0.0209,0.054351286644079275,0.07479317546577069,0.11412259778013634,3.2134629238356407,11.120410151947933,17.934838343678326,0.09113179470615801,0.0,0.054351286644079275,22.0,2795.5,0.07235176554425382,-0.07781814863503067,0.21825642201801432,7.0,0.4656774802220708,0.4086600966466921,-0.11606893305068366,6.0
2021-01-31,0.032234629238356405,0.25102797124045306,0.47806909778017204,0.06410500746173403,0.014053947622656437,33.09,10.340000000000003,1.05,0.005681080188074006,0.07466866263743377,-0.0007405493274375008,87.9388,5.0785999999999945,-0.026978417266187105,-0.015957446808510634,0.036363636363636376,0.03384073800460803,-0.010869565217391353,0.13651788044896884,64.06729125976562,-16.310089111328125,0.0463,0.0493,-0.0168,0.09113179470615801,0.0782901048471017,0.11529611157060012,6.055640591925181,7.395230388020634,15.05620915155299,0.11071296207466687,0.0,0.09113179470615801,19.0,2887.08,0.10700359963886297,0.012850478085195238,0.29735763234713963,7.0,0.47582781456953643,0.17409172049777183,0.5836127444317095,14.0
2021-02-28,0.06065640591925181,0.14126472373272136,0.5870202405079494,0.06421049855066052,0.009264797238817124,27.95,-5.140000000000004,1.4,0.007825410059274063,0.08456709550869701,-0.005955223461333259,87.7715,1.5356000000000023,-0.02522522522522519,-0.004016064257028051,0.027057497181510515,0.026296000303307573,-0.04761904761904756,0.08611729769858956,77.418701171875,1.3355331420898438,-0.0007000000000000001,0.0681,0.0322,0.11071296207466687,0.08539868114163472,0.11575189462948167,1.851306636187111,3.8039948389455347,10.807164544463888,0.1506239275540902,0.0,0.11071296207466687,19.0,3067.62,0.13167159266874862,-0.0003896860628825882,0.2532067234011355,7.0,0.3969564787758156,0.1885022104117386,0.45252641677856864,42.0
2021-03-31,0.01851306636187111,0.11140410151947933,0.726914780014881,0.06028816389790981,0.0041241819748822905,19.4,-8.55,1.71,0.008760545585254853,0.09580071449403493,-0.010062685033885854,87.1846,-0.41100000000000136,-0.023465703971119134,-0.004005340453938744,0.014476614699331813,0.01897326171483772,-0.02659574468085102,0.08936065169094043,73.95680236816406,3.8893356323242188,0.0281,0.045,0.07200000000000001,0.1506239275540902,0.11748956144497169,0.09958582380919397,-0.5117168400916583,6.814428191730393,4.172605110365879,0.0815785961387355,0.0,0.1506239275540902,23.0,3124.94,0.348586736549338,-0.00013765001638899044,0.48340771448569075,7.0,0.14720860972361188,0.21095547336847317,0.364921291261649,31.0
2021-04-30,-0.005117168400916583,0.07405230388020634,0.5854599998395811,0.0614120472679192,0.05262675787506765,18.61,-0.7899999999999991,1.64,-0.01540042645887496,0.09289915478960165,0.004540527651628823,87.8126,-0.1261999999999972,-0.023381294964028854,-0.003994673768308865,0.015590200445434466,0.019485831749437455,-0.04712041884816742,0.17352415026833623,78.61876678466797,14.551475524902344,0.0316,-0.0084,0.0735,0.0815785961387355,0.11430516192249751,0.09183004674879887,2.464405042850082,7.660978763532356,10.444436464412199,0.08849408661098193,0.0,0.0815785961387355,21.0,3108.99,0.24333930495673384,-0.11451477583445535,0.15670556444888661,7.0,0.4406621590114246,0.17065684189932454,0.5336240620178736,24.0
2021-05-31,0.02464405042850082,0.03803994838945535,0.542411284968753,0.023135133456060927,-0.015440872436274233,16.76,-1.8499999999999979,1.57,-0.01190366840161694,0.13456811365063137,0.01960535212656689,89.6946,1.923099999999991,-0.012750455373406133,-0.006578947368421018,0.006629834254143541,0.009900800043901368,-0.0670103092783505,0.19517052526761258,88.16622161865234,10.747520446777344,0.049699999999999994,-0.0316,-0.0102,0.08849408661098193,0.10689887010126921,0.08993422323205502,4.861739988971969,7.003169705518353,18.476321601501766,0.05772450267567971,0.0,0.08849408661098193,20.0,3186.56,0.22028114909140872,0.2832628086029094,0.3199381998912594,7.0,0.5902594902857221,0.18284589048854138,0.3745043475314239,59.0
2021-06-30,0.04861739988971969,0.06814428191730393,0.5161937704438317,0.0231742690679562,0.053473842571657215,15.83,-0.9300000000000015,1.4,0.01608285762937367,0.1570474834215836,0.01635030608664856,91.244,4.059399999999997,-0.007285974499089187,-0.005242463958060162,0.008859357696566983,0.008791179869792788,-0.05154639175257725,0.21864450792002077,93.00713348388672,19.050331115722656,0.0029,0.0127,0.0704,0.05772450267567971,0.07593239514179904,0.08678646046528403,0.3348337317103045,-2.641823081364514,16.518358924681564,0.0660661698795489,1.0,0.05772450267567971,22.0,3345.31,0.2671810084361901,-0.07358213591915741,0.48389423080444915,7.0,0.4722455905208675,0.21593923884206326,-0.13717061454840773,10.0
2021-07-31,0.003348337317103045,0.07660978763532356,0.45178085199453477,0.025483850326483246,0.011566235101385658,18.24,2.4099999999999984,1.18,0.0010487305417585802,0.11025093897293803,-0.02178064978199179,89.2552,1.4425999999999988,-0.0036429872495445936,0.003942181340341744,0.00877192982456143,0.0062582135219079625,-0.025906735751295318,0.2114197530864197,74.12712097167969,-4.491645812988281,0.0273,-0.003,-0.0786,0.0660661698795489,0.07076158638873685,0.08601993511648863,1.806595984836079,2.7834577008798433,3.7046580178865085,0.050140636265004854,0.0,0.0660661698795489,21.0,3356.53,0.2907729963670689,0.017756831732770095,0.3993912059054652,7.0,0.4584415584415584,0.1262506064827586,0.5479851589280149,21.0
2021-08-31,0.01806595984836079,0.07003169705518353,0.4134186014140715,0.018605966831287755,0.03919795998536024,16.48,-1.759999999999998,1.26,0.0038639602683359087,0.05334053796791727,-0.029215315573064338,86.5625,-3.132099999999994,-0.002778793418647174,0.011873350923482962,0.00877192982456143,0.007721435036060885,0.0,0.16840233680467365,58.42076873779297,-29.745452880859375,0.0134,-0.0455,-0.018000000000000002,0.050140636265004854,0.05797710294007782,0.08547019690469065,-4.783252797910897,11.473151895983413,0.3349563463018279,0.05986161552460987,0.0,0.050140636265004854,22.0,3417.72,0.32339354703986967,0.10346584346273935,0.3512710844166518,7.0,0.6045404800949143,0.22600186355770785,0.3730425020813113,61.0
2021-09-30,-0.047832527979108974,-0.026418230813645138,0.37282767194120936,0.03265740339786942,-0.05458908137503293,23.14,6.66,1.48,0.013459822369048524,0.04812816146864751,0.0006446281412881838,86.4536,-4.790400000000005,0.003040293040293074,0.019893899204244114,0.013157894736842035,0.00848315645857955,0.016129032258064502,0.2076961026147015,89.4865493774414,-3.5205841064453125,0.029500000000000002,-0.0066,-0.0023,0.05986161552460987,0.058689473889721205,0.08172615148556565,5.760114513954662,19.160182006046078,5.1027539373082345,0.0589352575788958,0.0,0.05986161552460987,21.0,3258.09,0.2764236333161887,-0.027175037668916602,0.3241909052841354,7.0,0.42098448388638965,0.18482629173046233,0.6192092062555326,6.0
2021-10-31,0.05760114513954662,0.027834577008798433,0.4295246397647814,0.03767309251494523,0.07014000772905149,16.26,-6.879999999999999,1.5,-0.004418318263358145,0.01992273044427395,0.0024724533221522904,86.4326,-2.8226000000000084,0.0031992687385740126,0.02659574468085113,0.019736842105263053,0.012027267380952772,0.0662983425414363,0.17210100514832072,80.69696807861328,6.569847106933594,-0.044000000000000004,0.011200000000000002,0.0512,0.0589352575788958,0.05631250312283684,0.07991733907029323,10.496290179939649,0.9212003170066652,-16.734770802734136,0.08463513415266952,0.0,0.0589352575788958,21.0,3451.27,0.24313618166976747,0.013762538133633262,0.306559064428106,7.0,0.40124919233254364,0.12447642439430137,0.578677110264691,19.0
2021-11-30,0.10496290179939649,0.11473151895983413,0.3640678881371944,0.05222015112280395,0.002532537679050151,27.19,10.93,1.38,0.01799286195945804,0.0006215584848989764,0.015451762982656048,87.4663,0.9038000000000039,0.021319702602230484,0.03342245989304815,0.021929824561403466,0.0068182310720556775,0.07692307692307687,0.12576255279211646,79.02923583984375,20.60846710205078,0.0663,-0.027000000000000003,-0.0053,0.08463513415266952,0.06781066908539173,0.07952133081709338,2.9037773121517674,-11.138195549681585,-21.28257395130684,0.09610083163400193,1.0,0.08463513415266952,21.0,3833.22,0.17394968884976447,0.078546614994087,0.25205629355066805,7.0,0.5960816841290275,0.19053072258621662,0.36378676470588234,63.0
2021-12-31,0.029037773121517674,0.19160182006046078,0.3447319726835989,0.05149025717205303,0.00688077433191836,17.22,-9.970000000000002,1.46,-0.00798396915285604,0.010654168417593812,0.02069713051707378,88.9092,2.455600000000004,0.025064935064935012,0.04026845637583887,0.02083333333333326,0.010220710356455458,0.0934065934065933,0.11405959031657353,86.56914520263672,-2.9174041748046875,-0.0158,-0.017,-0.0037,0.09610083163400193,0.07989040778852241,0.08300045956625358,-12.478867175084751,-14.057428068737844,-43.430161335918726,0.12541082438572002,1.0,0.09610083163400193,22.0,3946.16,0.06342122567547959,-0.16464243400832912,0.30113324710691347,7.0,0.19537518724252334,0.1771078637812187,0.500849396078135,9.0
2022-01-31,-0.12478867175084751,0.009212003170066652,0.18770867169439498,0.08140773386072242,-0.09410298059143507,24.83,7.609999999999999,1.57,0.0024518203827561535,0.03032801648427008,0.0187114840446736,90.1473,3.7147000000000077,0.024399260628465758,0.048648648648648596,0.018640350877193068,0.0159253246749584,0.0934065934065933,0.08429030776297664,105.34542083740234,24.648452758789062,0.032400000000000005,-0.0078000000000000005,0.0325,0.12541082438572002,0.10204893005746381,0.08585704537288374,-1.5631056867486015,-17.6559711197408,-16.07557565123692,0.12129023219583678,1.0,0.12541082438572002,20.0,3483.21,0.1996600415295613,0.1426104889256008,0.4222477675071443,7.0,0.627943280863796,0.19222008503745697,,11.0
2022-02-28,-0.015531056867486015,-0.11128195549681585,0.11152120890765715,0.0815814792131321,-0.034905841870751075,30.15,5.32,1.48,-0.0029776215257761862,0.045357301368565084,0.008544801671753088,90.4398,2.9735000000000014,0.041330868761552564,0.05241935483870952,0.02524698133918779,0.01366250245316305,0.11111111111111116,0.10161768056504905,138.67498779296875,59.645751953125,-0.061500000000000006,-0.0401,0.1286,0.12129023219583678,0.11426729607185292,0.0867384845496479,-0.015455206904491092,-10.144378401625254,-24.84807861539021,0.14089696713591,1.0,0.12129023219583678,19.0,3429.53,0.3908954987076152,0.15895623592176,0.2359200708030862,7.0,0.27298571883351963,0.15899158549383394,0.5125543625323385,41.0
2022-03-31,-0.00015455206904491092,-0.14047428068737844,0.09285359047674113,0.07817425954124098,0.03354535480899834,20.56,-9.59,1.7999999999999998,-5.207334356605031e-06,0.0826748812603324,0.025276490184697797,92.195,3.2857999999999947,0.04188539741219954,0.0536193029490617,0.03183315038419332,0.010903888091255837,0.09289617486338786,0.08203036483118065,216.1590118408203,129.5898666381836,-0.022799999999999997,0.0286,0.030600000000000002,0.14089696713591,0.12919934123915558,0.08592790451479958,-16.077410226087707,-29.372733267180884,-39.81507417566754,0.12350312408206855,1.0,0.14089696713591,23.0,3429.0,0.2308017852065447,-0.11522298658374275,0.13902981123774194,7.0,0.18884142602262377,0.2484129812162546,0.34509763961773887,32.0
2022-04-30,-0.16077410226087707,-0.176459711197408,-0.06280334338321936,0.09885362837802322,-0.1422744276100918,33.4,12.84,2.04,0.03640133638414156,0.08281353560798999,0.00466917560861746,92.0453,1.8979999999999961,0.044677716390423505,0.05614973262032086,0.03508771929824572,0.010545011504547834,0.12637362637362615,0.05204703832752622,318.9549255371094,213.60950469970703,0.0308,-0.021099999999999997,-0.019,0.12350312408206855,0.12856344113793844,0.08942161517674398,5.948487031366945,1.580395468503878,-20.61260814401646,0.14777360738692025,0.0,0.12350312408206855,20.0,2919.74,0.17936988130262788,-0.15151682726548898,0.18351341053763282,7.0,0.24100393991454533,0.23767231515283604,0.585730145077995,22.0
2022-05-31,0.05948487031366945,-0.10144378401625254,-0.02796252349805073,0.08775119850017862,-0.020745312197961496,26.19,-7.209999999999997,1.6900000000000002,-0.011979246120085385,0.04874761868849986,-0.01247200013585048,90.2749,-0.16490000000000293,0.04221402214022141,0.051655629139072845,0.040614709110867286,0.005966624673351103,0.13812154696132595,-0.02978546136221616,191.14309692382812,52.468109130859375,-0.0941,-0.0034999999999999996,0.061799999999999994,0.14777360738692025,0.1373912328682996,0.09436157524140552,-19.24381007246012,-14.703700213764957,-9.73164240105286,0.1310651603030634,1.0,0.14777360738692025,21.0,3098.69,0.1130358556294464,0.21108529293048606,0.05863128192729605,7.0,0.6949685534591195,0.17190055138889976,0.3715121264122707,68.0
2022-06-30,-0.1924381007246012,-0.29372733267180884,-0.26901802411237163,0.1008075338470962,-0.09116165927952835,28.71,2.5199999999999996,1.26,0.02422184419113016,0.038583326208884605,0.006500003126504783,90.1815,-2.0134999999999934,0.038972477064220135,0.05270092226613965,0.03951701427003296,0.007773696659037956,0.13043478260869557,-0.026209247815896064,142.25848388671875,-73.90052795410156,-0.0033,-0.0003,0.08439999999999999,0.1310651603030634,0.13411396392401742,0.10047329671035415,14.875718509597055,-10.442340908486655,-1.728839355285269,0.1070353186144866,1.0,0.1310651603030634,21.0,2556.25,0.1184879745991887,-0.0690441505657503,-0.0613900792008959,7.0,0.27325718902275437,0.23429919578577252,0.5552659956865564,8.0
2022-07-31,0.14905718509597055,0.01610395468503878,-0.12330917633350413,0.13007136884488096,0.11644079133036023,21.33,-7.380000000000003,0.2599999999999998,0.0066130515831792636,0.08215148199664113,0.01925526131863009,91.1662,-0.879099999999994,0.040511882998171656,0.04581151832460728,0.0304347826086957,0.007811082811511814,0.1170212765957448,-0.04713375796178343,130.7073211669922,-188.2476043701172,-0.084,0.013300000000000001,-0.06,0.1070353186144866,0.12862469543482344,0.10388739243826563,-10.335608650901891,-22.193003612520336,-2.5757591459106424,0.12263015761550938,1.0,0.1070353186144866,20.0,2967.14,0.11638360014060933,0.01584197745594107,0.049966477439828294,7.0,0.4821880843874877,0.15510599330568595,0.5869489909252917,14.0
2022-08-31,-0.1027560865090189,-0.14613700213764957,-0.24413122269088383,0.13340166794220498,-0.04747391287546421,25.87,4.540000000000003,0.18999999999999995,0.014408564218951092,0.11859629037312835,0.0034788703956964984,90.6743,0.3994,0.0413580699567353,0.04432855280312897,0.033695652173912904,0.0054862705974401136,0.12698412698412698,0.04043478260869571,117.17676544189453,-73.9663314819336,0.09570000000000001,0.0181,-0.041299999999999996,0.12263015761550938,0.1202435455110198,0.10992818588414101,-14.982450767181819,4.972057812712099,8.670276204356819,0.09742174649228684,0.0,0.12263015761550938,23.0,2677.39,0.10581467103110653,0.09301920820865073,-0.05436111073170924,7.0,0.6019513481442416,0.2009966635708642,0.38907334331201526,67.0
2022-09-30,-0.14902450767181818,-0.10272340908486655,-0.34532320238359304,0.13799189412533744,-0.11092011923224554,31.62,5.75,0.5,0.03170791956594954,0.12744295872793843,0.008558449456782968,90.5711,0.3896000000000015,0.034072234598108375,0.03771131339401812,0.032467532467532534,0.002686856956113363,0.13227513227513232,-0.0447303921568627,132.86322021484375,-9.395263671875,-0.0377,0.0149,0.0018,0.09742174649228684,0.10902907424076096,0.11305819679811409,3.1250558055633717,8.713501553201386,32.11304239411548,0.1302926445062095,0.0,0.09742174649228684,21.0,2306.7,0.050749655856723974,-0.07561771320588495,-0.008722719744387541,7.0,0.22874952261443615,0.1482750472589792,0.5082910993342763,7.0
2022-10-31,0.033150558055633716,-0.21863003612520338,-0.36977378946750594,0.13402899531500811,0.03826606734041782,25.88,-5.740000000000002,-0.1200000000000001,0.0008395499846995946,0.1350204682942524,0.009210039952331162,90.4573,-0.7088999999999999,0.03548063781321198,0.02979274611398952,0.031182795698924792,0.002965237389878564,0.1295336787564767,-0.051662832043505524,131.98587036132812,1.2785491943359375,-0.0934,-0.0098,0.0003,0.1302926445062095,0.11678151620466859,0.11900464570872356,16.829452774330544,19.617244466609694,21.06657250430125,0.1550855338466114,0.0,0.1302926445062095,21.0,2384.45,0.06074827924115156,0.023409203030016146,0.07094763279010752,7.0,0.43641344675711996,0.12547908410702935,0.5861757603331816,16.0
2022-11-30,0.17019452774330546,0.05432057812712099,-0.304542163523597,0.15535615751825838,0.042743128625359006,20.58,-5.300000000000001,-0.69,-0.03268913984363753,0.10831912418861966,-0.00843672863795697,88.6988,-1.9754999999999967,0.04305967568748059,0.028460543337645472,0.023605150214592197,0.010125776259318417,0.13265306122448983,-0.08045018757815758,143.16241455078125,25.98564910888672,0.0786,0.0182,0.0797,0.1550855338466114,0.12759997494836925,0.12487551234988538,-11.241007026692532,3.6982183916447204,18.113252811000105,0.09357602704219704,0.0,0.1550855338466114,21.0,2826.85,-0.028670895477910685,-0.012372927461172467,0.1042800869393854,7.0,0.623154129713029,0.19795854023803894,0.39689285753608666,66.0
2022-12-31,-0.11011007026692532,0.09323501553201385,-0.44369000691203997,0.1393983651569818,-0.09138277832896513,21.67,1.0900000000000034,-0.54,-0.017081116892931902,0.09011916665032915,0.003936033438229014,88.0015,-2.5696000000000083,0.04235217462127383,0.02580645161290329,0.017185821697099923,0.012789458742254907,0.12060301507537696,-0.09193480986209779,116.7162857055664,-16.146934509277344,0.046900000000000004,-0.0275,0.0148,0.09357602704219704,0.126318068465006,0.12466511196723497,14.028798718971682,23.399540840914096,35.177215486862316,0.09941291254112028,0.0,0.09357602704219704,21.0,2532.11,0.1200572078909583,-0.036734039370133975,-0.10840155834990717,7.0,0.42233101344359075,0.17858283379322126,0.4524349638632418,8.0
2023-01-31,0.14318798718971681,0.20327244466609695,-0.17571334797147564,0.13814483121350274,0.101494544105865,19.4,-2.270000000000003,-1.1800000000000002,-0.020344636828275142,0.04924727802840878,-0.01948311301179717,85.2342,-5.223100000000002,0.03946228798267759,0.024484536082474362,0.013993541442411273,0.012800072075670781,0.14070351758793964,-0.0749841135352679,111.19593811035156,-20.789932250976562,-0.0638,-0.002,0.0134,0.09941291254112028,0.11602482447664292,0.12249861931351834,0.910426699365571,1.4493280376915538,25.79484396886286,0.09781667774960211,0.0,0.09941291254112028,20.0,2921.92,-0.09858131436432527,-0.08043050134889007,-0.20605049761544925,7.0,0.8938811286462518,0.2637667746413697,,7.0
2023-02-28,0.01240426699365571,0.045482183916447205,-0.14777802411033392,0.1291466106387259,-0.01119885801719711,20.7,1.3000000000000007,-0.96,0.019590804916858495,0.03392858562648593,-0.006179646905705605,83.6464,-5.052400000000006,0.015886821925589434,-0.0012771392081736277,0.0010706638115631772,0.009306201176998775,0.125,-0.1280248190279214,104.26704406738281,-38.89537048339844,0.066,0.044000000000000004,-0.0394,0.09781667774960211,0.09693520577763982,0.12054248977633213,8.460315422576842,14.415034419355383,19.419983451965923,0.08566460849456209,0.0,0.09781667774960211,19.0,2958.39,-0.16103186441500628,0.078663409101845,-0.1226616783508998,7.0,0.249304962578338,0.15258695206574605,0.48470467023089303,47.0
2023-03-31,0.08810315422576842,0.24369540840914095,-0.059520317815520585,0.10167383526169838,0.06475678689453446,18.7,-2.0,-1.3699999999999997,-0.01640208557272338,0.035578327146281286,0.026912426378591814,84.8008,-3.2006999999999977,0.01527516588014044,-0.003816793893129722,-0.007446808510638281,0.0122063375227973,0.135,-0.09193717277486912,120.99437713623047,4.2780914306640625,-0.025699999999999997,0.0058,-0.008,0.08566460849456209,0.09429806626176152,0.11593979322288644,-7.921414084250859,11.777674645948228,3.8461852865785584,0.057410207343838296,0.0,0.08566460849456209,23.0,3230.86,-0.23764856773998033,-0.19602307310717493,-0.3228288581302904,7.0,0.19674002639292487,0.2173576589637564,0.35374574907056333,29.0
2023-04-30,-0.07581414084250859,0.02469328037691554,0.025439643602847894,0.11540851337765282,0.0003820276881558726,15.78,-2.92,-1.6599999999999997,-0.0011350253749071726,0.030712242443702964,-5.166991163696455e-05,83.7076,-1.526600000000002,0.009960159362549792,-0.0151898734177216,-0.019067796610169663,0.015759572038866788,0.1073170731707318,-0.12668184640861102,105.37997436523438,-5.8159637451171875,0.024900000000000002,-0.0689,-0.09050000000000001,0.057410207343838296,0.08029716452933418,0.11043205016136726,13.876133081029401,24.345515931171306,4.746993192889609,0.11350031519052202,0.0,0.057410207343838296,19.0,2994.97,-0.09175589585751098,0.010859042811359965,-0.17631256655564997,7.0,0.5709874048161621,0.18258092433058185,0.5941000597211528,17.0
2023-05-31,0.142361330810294,0.15465034419355383,0.10831610409947245,0.10943681878992238,0.05634696481441992,17.94,2.160000000000002,-1.8799999999999994,0.014500381049047384,0.06175940921568501,0.017274368677129504,84.0728,0.426400000000001,0.01157768021526695,-0.030226700251889227,-0.02848101265822789,0.023647947501317452,0.10194174757281549,-0.1148561614426793,106.80965423583984,2.5426101684570312,0.0063,-0.025699999999999997,-0.0012,0.11350031519052202,0.08552504367630749,0.10757594247833407,5.822955649169687,5.00494903261054,5.125854816367335,0.07163613933849329,0.0,0.11350031519052202,22.0,3453.18,-0.12562672337868763,0.16592071560684785,-0.09437564987156566,7.0,0.7911451522510742,0.19026247271608973,0.3828730379495331,65.0
2023-06-30,0.06172955649169687,0.12827674645948228,0.36248376131577054,0.08388486701797267,0.06383361131305598,13.59,-4.350000000000001,-1.6199999999999997,-0.013362004478936207,0.056671584996505375,0.0016769753783500985,83.1636,-1.6371999999999929,-0.0007770556654422833,-0.03629536921151444,-0.03379091869060191,0.019823126315042548,0.08653846153846145,-0.061925601750547066,108.46768188476562,-12.526695251464844,0.0033,-0.0043,-0.0779,0.07163613933849329,0.08084888729095123,0.1026235240646199,4.6464272009722185,-7.93148935936967,10.26018246923009,0.07393801662809238,1.0,0.07163613933849329,21.0,3673.06,-0.18324294228670734,-0.130388838754266,-0.023150780335760235,7.0,0.5091151353643026,0.21910551748337484,0.5955003199622781,12.0
2023-07-31,0.05006427200972219,0.25415515931171306,0.2634908482295222,0.07387574005450837,0.03967970532910492,13.63,0.040000000000000924,-1.5799999999999996,-0.012956328918695803,0.03190183581651729,-0.004637400821356441,81.7729,-1.9346999999999923,-0.0032152646004638408,-0.03629536921151444,-0.04219409282700426,0.021009669643936704,0.07619047619047614,-0.04991087344028522,110.52894592285156,5.1489715576171875,0.0646,0.0127,-0.0013,0.07393801662809238,0.08635815705236925,0.09986541556575372,-5.464433817531367,-19.598522738281698,7.199572527159567,0.08831126576213655,1.0,0.07393801662809238,20.0,3861.63,-0.16019873229295079,0.0445032245524859,-0.13387505565042446,7.0,0.6858397938435777,0.1785389511973325,0.5647268121313107,12.0
2023-08-31,-0.05064433817531366,0.061149490326105393,0.3156025965632274,0.08354270997390156,-0.021920479521895686,13.57,-0.0600000000000005,-1.4699999999999998,0.02017215282995455,0.03783651630410456,0.009250084541401637,81.5733,-2.4994999999999976,0.00202450531652687,-0.041198501872659166,-0.050473186119873836,0.028018612041859785,0.05633802816901423,-0.13497701629753445,107.44878387451172,0.639129638671875,0.0321,0.0288,0.0406,0.08831126576213655,0.07796180724290742,0.09700550791130598,-7.113482742810523,0.12090578375679484,22.612879165542125,0.056118103539138174,0.0,0.08831126576213655,23.0,3670.93,-0.19235687791871714,0.05116469783704325,0.029167336222528206,7.0,0.8463384137068704,0.22067666601781363,0.29551824314343395,66.0
2023-09-30,-0.06663482742810523,-0.0672148935936967,0.3979922768069404,0.08799446138780088,-0.059872676413938564,17.52,3.9499999999999993,-0.96,0.017175013482093604,0.021003769386140236,-0.00779943433799557,80.0458,-3.1178000000000026,0.008705325610961934,-0.03759398496240607,-0.053459119496855445,0.03230001777328769,0.04672897196261694,-0.002993371819542401,101.14118194580078,-7.326499938964844,-0.0236,-0.0366,-0.0115,0.056118103539138174,0.07278912864312238,0.09356353766521025,-7.020606177939809,18.19167182859976,32.958769702546626,0.07417867757015086,0.0,0.056118103539138174,20.0,3434.29,-0.12961211537373485,-0.0038036340663027968,0.031540750739827095,7.0,0.4033573163212778,0.184285830629971,0.6944569625957638,7.0
2023-10-31,-0.06570606177939808,-0.18298522738281697,0.2991356569719086,0.08609513407267115,-0.028239091144197204,18.14,0.620000000000001,-0.71,0.012421339005620702,0.002734663765406875,-0.008848037173553425,78.5069,-3.2660000000000053,0.00950336137411556,-0.030188679245283123,-0.058394160583941646,0.03411031308886476,0.02752293577981657,0.06638729598588444,98.63481140136719,-11.894134521484375,-0.052300000000000006,-0.0176,0.015,0.07417867757015086,0.07286934895714188,0.08888737375387203,14.254994704507126,26.798095265441265,34.71613134936293,0.07513976401456389,0.0,0.07417867757015086,22.0,3215.89,-0.11460681484502522,0.04105255828180332,-0.13043345596440015,7.0,0.8098601497386636,0.20038610038610039,0.47403832699280213,14.0
2023-11-30,0.14684994704507126,0.014509057837567951,0.2757910762736744,0.08746447988614942,0.10164643609388513,12.92,-5.220000000000001,-1.08,-0.029443317826729043,0.026171011324371385,0.014738516313764105,78.8734,-2.6998999999999995,0.001064330954582804,-0.02767295597484276,-0.05450733752620551,0.02779126370836374,0.0,0.07411604714415221,197.8870086669922,90.43822479248047,-0.0315,-0.0403,0.0022,0.07513976401456389,0.06847884837461767,0.08222522626786809,10.957283302032442,22.491973381785332,29.225638001682537,0.07206955479445827,0.0,0.07513976401456389,21.0,3724.58,-0.08154984214145256,0.02450104189574187,0.08751038085408158,7.0,0.678222168896782,0.21218943792708456,0.45436286543182325,65.0
2023-12-31,0.11427283302032443,0.1954167182859976,0.5001739795609241,0.09561659874021432,0.053719840807030295,12.45,-0.47000000000000064,-1.5200000000000005,-0.015273639128295713,0.03280206880686154,0.010423409784867665,78.9469,-1.0989000000000004,0.0,-0.03144654088050314,-0.0496304118268216,0.02510881609462246,0.0,0.08858720662678321,156.69613647460938,55.554954528808594,0.0888,-0.0018,0.0166,0.07206955479445827,0.07379599879305769,0.08043302024722318,1.5858172589016966,14.767097873946863,24.38647669943032,0.08722238072452197,0.0,0.07206955479445827,20.0,4175.47,-0.08523667250024891,-0.040600768725949865,0.18977433121188647,7.0,0.608419804328491,0.17879813796022007,0.2393978468214008,9.0
2024-01-31,0.020258172589016965,0.28138095265441265,0.3772441649602243,0.09459629680750799,0.010118275469498172,14.35,1.9000000000000004,-1.4299999999999997,0.016850029339087413,0.061815575064062545,0.008061596371664814,78.8761,0.3691999999999922,-0.0012324891072265087,-0.037735849056603765,-0.04670912951167738,0.024087133052714194,-0.00440528634361248,0.09022212044882072,142.2794647216797,43.6446533203125,0.048499999999999995,0.0725,0.0487,0.08722238072452197,0.07814389984451474,0.07941714259584,9.948872820851193,7.918036083921663,17.893402448779856,0.07723548969282851,0.0,0.08722238072452197,21.0,4260.92,-0.03010596068850857,-0.02501013249833106,0.19896462706542928,7.0,0.48261881232606957,0.2589065255731922,0.5563011440102819,10.0
2024-02-29,0.10378872820851193,0.23831973381785332,0.4686286261750805,0.09371172261002646,0.05939242555033708,13.4,-0.9499999999999993,-1.2000000000000002,0.006202436533608413,0.0721384063248085,0.0034821437568286484,78.484,-0.38940000000000907,0.0112176967028359,-0.02813299232736577,-0.04385026737967912,0.028366618087742,-0.008888888888888946,0.1679316888045541,160.3736572265625,-37.51335144042969,0.0073,-0.056900000000000006,-0.023700000000000002,0.07723548969282851,0.07884247507060294,0.07770204359110885,3.232407794193974,6.733664619897205,6.103404355660011,0.0909869046293482,0.0,0.07723548969282851,20.0,4726.92,-0.08011685451689599,0.023044012505230027,0.2029927048405331,7.0,0.30314256830062136,0.18213317264236215,0.4662878738431629,51.0
2024-03-31,0.03702407794193974,0.16107097873946863,0.4175495498912518,0.0778629182435475,0.017710828187714966,13.01,-0.39000000000000057,-1.2599999999999998,-0.0013484641898973138,0.035081623483600444,-0.008581191382659226,77.1831,-1.7638000000000034,0.014276477886312477,-0.03192848020434225,-0.040728831725616255,0.029546371532900868,-0.008810572687224627,0.11093173431734327,146.59817504882812,-10.09796142578125,0.0507,-0.0083,-0.034300000000000004,0.0909869046293482,0.08514825834889957,0.0781455682690077,-5.263244531123503,9.619378825483459,2.696648408308211,0.09643229107548723,0.0,0.0909869046293482,20.0,4905.21,0.15330080843101412,0.007983725213724258,0.48923999517262384,7.0,0.16370871240796156,0.1761754579618406,0.1757107988653605,21.0
2024-04-30,-0.04843244531123503,0.09238036083921664,0.4449312454225254,0.07244203913329253,-0.04505763814992214,15.65,2.6400000000000006,-0.7699999999999996,0.0161164516559289,0.03610790133682218,0.0009397734704628125,76.6549,-2.221199999999996,0.014016163097170686,-0.026992287917737667,-0.02591792656587466,0.02337227283261322,-0.00440528634361248,0.13225882910642328,133.21316528320312,-9.066299438476562,0.028399999999999998,-0.012,0.0416,0.09643229107548723,0.088218228465888,0.08139740857997844,8.764501356826734,9.975366364858193,3.0065335045133135,0.07707473610761319,0.0,0.09643229107548723,22.0,4673.3,-0.051030708846261486,-0.16823591703012086,0.21747048867308028,7.0,0.9561586848924801,0.20586012706055692,0.4877028509096599,16.0
2024-05-31,0.09194501356826734,0.08053664619897205,0.3945149281804987,0.062395905538292405,0.06653305706405632,12.92,-2.7300000000000004,-0.9500000000000002,-0.007240835069018736,0.05914246045709737,0.03989022418465016,79.1091,0.6251000000000033,0.019302789541842946,-0.014285714285714235,-0.019543973941368087,0.021074897853056683,-0.013215859030836885,0.150133398011157,163.9473419189453,3.5736846923828125,-0.04650000000000001,-0.0258,-0.0045000000000000005,0.07707473610761319,0.0881646439374829,0.07836194365640271,6.118121999780228,-0.6302602642371935,-6.56694980755517,0.07791951711363966,0.0,0.07707473610761319,22.0,5123.36,-0.012538424699635287,0.21321302727165792,0.10807878242074076,7.0,0.7118614867775002,0.22312973050721965,0.4327974263427777,61.0
2024-06-30,0.06588121999780228,0.10939378825483459,0.3986665916866041,0.05568003844045127,0.057901223678289426,12.44,-0.4800000000000004,-1.12,0.017152095851532323,0.06034941455570619,0.002818444232684625,78.7269,1.5438000000000045,0.028543655001767476,-0.0181818181818183,-0.01967213114754096,0.027417308739072225,-0.004424778761061843,0.12596221133659902,130.52186584472656,-16.076309204101562,0.0432,0.0058,-0.013300000000000001,0.07791951711363966,0.08380884809891338,0.07888555847099823,-4.90725699174877,-6.922730417175248,-11.997585909847736,0.14383096277608587,1.0,0.07791951711363966,19.0,5472.26,0.09354479573519647,-0.0369663149634436,0.011830151277127054,7.0,0.2500322580645161,0.20185827612139443,0.5829696074820638,8.0
2024-07-31,-0.04467256991748769,0.11315366364858193,0.30392974975939424,0.06668993553836897,-0.007539942887047957,16.36,3.92,-1.3200000000000003,-0.0046238173851973485,0.058939754837318725,-0.005960665154783329,77.6408,0.9859000000000009,0.023249255283521064,-0.020779220779220675,-0.018722466960352402,0.024847409015816634,-0.004424778761061843,0.13719512195121952,113.0927963256836,-20.12036895751953,0.027999999999999997,-0.0433,-0.0336,0.14383096277608587,0.09960840533244626,0.0847099706499977,-1.8411252722686517,-6.968832860344879,-6.771622531660382,0.15061763119410687,1.0,0.14383096277608587,22.0,5233.18,0.023982123287205503,-0.021939810944350824,0.07629672016880074,7.0,0.8553556126820908,0.18371471854920637,0.4520098333212504,22.0
2024-08-31,-0.014311252722686518,0.006897397357628066,0.3402628352120214,0.059054274307894436,0.006469024644484733,15.0,-1.3599999999999994,-1.2999999999999998,-0.010661032372833112,0.049143532709924775,-8.645983243515953e-05,76.9937,-2.115399999999994,0.009381753017446037,-0.01822916666666652,-0.015503875968992165,0.015215587540633003,-0.008888888888888946,0.16425120772946866,92.3948745727539,-71.5524673461914,0.012199999999999999,0.0833,0.0557,0.15061763119410687,0.12412270369461083,0.08990216776932856,-0.17434815315782692,-5.936689543317977,-10.394314020875703,0.1260938298427256,1.0,0.15061763119410687,22.0,5158.82,-0.003902607134554148,0.02253974085638788,0.005436345723544456,7.0,0.7810092095545393,0.2501238850346878,0.4766475929892288,54.0
2024-09-30,0.0027565184684217314,-0.05622730417175248,0.40965418110854834,0.05809794966076903,0.02649252682384251,16.73,1.7300000000000004,-0.9200000000000004,-0.008536556109327798,0.09711679335335455,0.03757004549296128,79.1812,0.4543000000000035,0.006284463894967285,-0.01692708333333326,-0.012181616832779518,0.012263030583038098,0.0,0.031524769461720004,140.97506713867188,10.453201293945312,0.0161,-0.035699999999999996,-0.0113,0.1260938298427256,0.14018080793763946,0.09573347829462751,-4.953359434918401,-5.074855492672487,-21.584986489311508,0.09344197323911212,1.0,0.1260938298427256,20.0,5173.06,0.03857687429741263,0.03868006816239067,0.07501472279253374,7.0,0.3720289080428734,0.34462356167212227,0.6392288861689106,7.0
2024-10-31,-0.044733594349184,-0.05628832860344879,0.4306266485387624,0.05738365550426021,-0.005182415458129697,23.16,6.43,-0.35999999999999943,0.028548149554184832,0.08924196921218264,-0.01596227282441709,77.1757,-0.4650999999999925,0.002981067605732024,-0.01945525291828798,-0.009966777408637828,0.011262521451477419,-0.013392857142857206,-0.007445708376421889,130.35877990722656,17.26598358154297,0.0173,-0.0091,-0.0273,0.09344197323911212,0.12338447809198155,0.09733875293370763,-0.8089819552417495,0.19721032868449595,-17.910988988151402,0.07371496866839901,0.0,0.09344197323911212,23.0,4946.75,-0.03553375111947821,-0.03323472665154559,0.043558535220161065,7.0,0.7880920956151929,0.13110378728887118,0.46075554591721424,18.0
2024-11-30,-0.004089819552417495,-0.046066895433179766,0.27968688194127367,0.04076885287596722,0.06021223912550688,13.51,-9.65,-0.40000000000000036,0.014170098812987142,0.09023162725569889,0.015660482381103735,77.5763,0.5825999999999993,0.010771429567399737,-0.018111254851228886,-0.005543237250554278,0.014481786716526666,-0.013513513513513598,0.020890483224308865,130.689208984375,38.294334411621094,-0.01,-0.0086,0.0091,0.07371496866839901,0.09775025725007892,0.09722001998819389,0.6874858974876622,-4.457624477557726,-5.6800953596260335,0.0908079524047389,0.0,0.07371496866839901,20.0,4926.56,0.0632589043720797,0.12944320923464936,0.023174378154948716,7.0,0.8419936156263309,0.20840369322533436,0.5107109431869389,55.0
2024-12-31,0.010774858974876622,-0.038048554926724876,0.17618890789582586,0.023919216500950618,0.004807821358808084,17.35,3.8400000000000016,0.20999999999999996,0.021088317397047973,0.07526067231000177,-0.003451626460452273,76.4462,-2.7349999999999994,0.023163341494330636,-0.0051948051948053076,-0.004444444444444473,0.01616032884019517,-0.017937219730941756,0.0405833861762841,128.90164184570312,-12.07342529296875,0.0649,0.0463,0.0038,0.0908079524047389,0.08598829810408337,0.09878155312238394,0.3187063864385834,-16.51013099663902,8.615847521286152,0.1209262538477294,1.0,0.0908079524047389,21.0,4979.93,0.05495303113201011,-0.04809532002367756,0.03416558012937965,7.0,0.47341376165014226,0.1801203696978353,0.6303369915073487,9.0
2025-01-31,0.007187063864385834,0.013872103286844961,0.16311779917119473,0.02048475960559875,0.01626458010175824,16.43,-0.9200000000000017,0.27000000000000046,-0.006166213478319804,0.08126033738935656,0.013686308698022565,76.5679,-0.6078000000000117,0.022264321468298043,0.0,-0.0022271714922049712,0.013543101138794962,-0.03982300884955747,0.029195547153959334,142.36643981933594,12.007659912109375,-0.0316,-0.0382,-0.0297,0.1209262538477294,0.09514972497362245,0.10159020921598455,-5.463816761483971,-18.1081993168359,9.01769857180453,0.09505202904838563,1.0,0.1209262538477294,20.0,5015.85,0.060025264173047654,-0.020322363778133123,0.03658851729162893,7.0,0.34268833087149186,0.21796098224883204,0.540268716992855,13.0
2025-02-28,-0.05093816761483971,-0.03297624477557726,0.008390903347843093,0.027373581687344828,-0.04055998075021172,19.63,3.1999999999999993,-0.08000000000000007,-0.0015757706951120554,0.13378166304693995,0.052225458055283,79.5424,1.9660999999999973,0.006704335355001589,0.001315789473684159,0.003355704697986628,0.0027206313027955016,-0.03139013452914796,-0.01380991064175463,113.233154296875,-17.4560546875,0.027999999999999997,-0.0123,0.0176,0.09505202904838563,0.102262078433618,0.10307492082894765,-11.365020621593631,-1.2224708820683086,15.223742044651146,0.11624830461151697,0.0,0.09505202904838563,19.0,4766.75,0.15241890693464155,0.11221430515342967,0.2952555028847763,7.0,0.2930072502387795,0.18606310448707786,0.43383715931689454,40.0
2025-03-31,-0.10995020621593632,-0.1537013099663902,-0.13858338081003296,0.046349359318300025,-0.08570314620084396,22.28,2.650000000000002,-0.08999999999999986,-0.012337992017247501,0.15527459616508765,0.010212989931246863,79.2698,2.823599999999999,0.0002584246433741111,0.0026385224274407815,0.004469273743016755,0.0021113884050218195,-0.053333333333333344,0.022835789910732762,136.9805908203125,8.078948974609375,-0.024300000000000002,-0.048799999999999996,0.0484,0.11624830461151697,0.11074219583587736,0.10518003749412835,-1.279361933758297,25.125978517925173,37.905668698151146,0.2523919108768606,0.0,0.11624830461151697,21.0,4270.43,-0.49531642028531797,-0.558569516975259,-0.3536240248701433,6.0,0.2016909067735403,0.26859602079969186,0.5560911481156879,28.0
2025-04-30,-0.00949361933758297,-0.170381993168359,-0.0996445548363809,0.04663859789226383,0.008464424330014708,24.7,2.419999999999998,-0.13999999999999968,-0.0330186962920207,0.1508687453335522,-0.002877493305679324,77.916,1.3481000000000023,0.005508314111612123,0.003963011889035695,-0.006651884700665245,0.006619849239512636,-0.05752212389380529,0.07745446933221678,175.901123046875,33.53468322753906,-0.0639,-0.0147,0.0287,0.2523919108768606,0.15456408151225443,0.11817667247757614,11.42191167328362,27.12589788864043,51.45327747185676,0.09886095032072528,0.0,0.2523919108768606,21.0,4230.08,-0.4717006781660533,-0.12931504288837015,-0.27464098136984894,6.0,0.8289241622574955,0.13398160013986168,0.5502645502645502,14.0
2025-05-31,0.1176191167328362,-0.0018247088206830853,-0.07397045167181204,0.07559633669308986,0.0912791331776841,18.57,-6.129999999999999,0.04999999999999982,-0.006749916669523515,0.12756605272541122,0.018834615246931863,78.2049,-1.3375000000000057,0.001150313331616415,-0.0013175230566535578,-0.006644518272425182,0.003983852704010044,-0.044642857142857206,0.04976803036693389,141.1845245361328,27.951370239257812,-0.0084,-0.0183,-0.0329,0.09886095032072528,0.15583372193636763,0.11999219032866883,14.98342877839985,16.446212926719454,36.84565451632839,0.07298396870745952,0.0,0.09886095032072528,21.0,4758.06,-0.48621703877588385,0.1798769295850604,-0.2537152907296365,6.0,0.7931912574071143,0.2235096328607779,0.3875114652270757,63.0
2025-06-30,0.1533342877839985,0.2614597851792517,0.013482616114384172,0.10023559553692224,0.06364095765759714,16.73,-1.8399999999999999,-0.16999999999999993,-0.019559767477095313,0.13912885571863431,0.013102003302777332,78.01,-1.2597999999999985,0.0021135836412062847,-0.001322751322751281,-0.0011148272017837968,0.0019267531841474176,-0.057777777777777706,0.06650093225605969,167.42288208007812,30.442291259765625,0.060599999999999994,-0.0077,-0.0281,0.07298396870745952,0.14141227663501513,0.1195808946281538,0.7205574369569615,12.779690180225971,22.31415904822088,0.05597831947272482,0.0,0.07298396870745952,20.0,5546.54,-0.4920807224904371,-0.04795719119270003,-0.2722147083810611,6.0,0.2900631303556533,0.17948547054118902,0.5869094913871491,5.0
2025-07-31,0.011005574369569615,0.2819589788864043,0.06916076040144148,0.10016561557387514,0.03628648053360273,16.72,-0.010000000000001563,-0.040000000000000036,0.019178640486556375,0.13774236643350424,-0.007170558908103586,76.224,-1.691999999999993,-0.007855026527940567,-0.0053050397877985045,0.004489337822671136,0.006516844793456703,-0.057777777777777706,0.07073623427510833,222.58563232421875,46.68450927734375,0.048600000000000004,-0.0008,-0.0143,0.05597831947272482,0.07594107950030322,0.11225984101954038,0.7422267113626437,24.32737958321633,33.44703890939193,0.06831515835720393,0.0,0.05597831947272482,22.0,5607.92,-0.48071514023087836,-5.400344356687459e-05,-0.35238618070881045,6.0,0.6795832518398028,0.125074004620642,0.5338345864661654,15.0
2025-08-31,0.010822267113626438,0.17516212926719454,0.09429428023775444,0.09461018725746917,0.01564689726699875,15.36,-1.3599999999999994,0.0,-0.012506301163559108,0.19628567125129348,0.05136476928630218,78.8573,0.6524000000000001,0.0019668250570030743,-0.006631299734747964,0.0056242969628796935,0.00629158831419251,-0.049327354260089606,0.07925311203319496,134.64071655273438,-6.5438079833984375,0.019799999999999998,-0.0012,-0.0134,0.06831515835720393,0.0657591488457961,0.10540130161646515,11.316906031906367,20.39944158960893,33.60606554511704,0.054823945386113536,0.0,0.06831515835720393,21.0,5668.94,-0.5668545943546581,-0.14708009966120783,-0.2982023581220349,6.0,0.7822952944034989,0.23061037540959872,0.43148850378504355,58.0
2025-09-30,0.11656906031906367,0.13839690180225972,0.20810682208839637,0.07016383328811629,0.05461834374101038,16.28,0.9200000000000017,0.14000000000000057,-0.0005941459327249987,0.1371178792778771,-0.013747737612609279,76.5233,-1.486699999999999,0.03726254262055528,0.019867549668874274,0.0022421524663678305,0.01751032139856692,-0.049107142857143016,0.07234927234927224,138.98846435546875,-28.434417724609375,0.0184,0.0482,0.0437,0.054823945386113536,0.05970580773868078,0.09946214457841414,12.268246839947318,9.534468867994908,15.48231974038563,0.11989337838959689,0.0,0.054823945386113536,21.0,6369.82,-0.45259200242706,0.31268107388688815,-0.3969855238173965,6.0,0.35396969982515103,0.2351148049526166,0.6709503510531595,8.0
2025-10-31,0.1264824683994732,0.2538737958321633,0.37932288483705356,0.062156691443879496,0.045925961603291654,17.44,1.1600000000000001,0.2200000000000002,0.010343633429287458,0.13145448522908487,-0.02086325407660894,73.7232,-2.500799999999998,0.038603931656614465,0.0185185185185186,0.005592841163311046,0.01663444744887341,-0.03619909502262442,0.06938945613669523,125.86952209472656,-96.71611022949219,0.0339,-0.0217,-0.0105,0.11989337838959689,0.08101082737763814,0.10166642834095453,-3.185711282244755,9.1196593261756,35.447389591680576,0.11460166549590615,0.0,0.11989337838959689,23.0,7228.66,-0.4951830783547585,-0.10845389287492502,-0.3233889948501678,6.0,0.6826639464174159,0.18121651433974156,0.5641089146207401,17.0
2025-11-30,-0.02855711282244755,0.2144944158960893,0.3548555915670235,0.07595517986329195,-0.015258951442664426,16.35,-1.0899999999999999,0.13999999999999968,-0.002748738936727335,0.13720299235101274,0.02082068245335522,74.0524,-4.804899999999989,0.03659125396606422,,,,-0.031963470319634646,0.08805291442744934,153.4799346923828,18.839218139648438,0.0196,-0.013500000000000002,-0.0318,0.11460166549590615,0.09643966309053888,0.10507365307658012,0.4519333102923443,13.206623955508112,58.344128591481116,0.08532685593382955,0.0,0.11460166549590615,19.0,7025.15,-0.47296403208129545,0.17915459935098332,-0.3987301181524773,6.0,0.7809602047804087,0.20923750828113866,0.374326074862902,58.0
2025-12-31,0.008219333102923443,0.10614468867994908,0.35230006569507033,0.0644060649094357,-0.005308150521639021,14.95,-1.4000000000000021,0.5099999999999998,-0.010856495567087343,0.14536650670179063,0.003702186010455577,73.1444,-3.3789000000000016,0.03278744166313108,0.010443864229765065,0.0044642857142858094,0.014928674727104956,-0.0365296803652968,0.0741417834653666,103.939208984375,-35.04925537109375,-0.0013,0.0148,0.037599999999999995,0.08532685593382955,0.10660729993977754,0.10461689503733768,11.85343729812801,5.947850872390721,68.08276502145911,0.09073800030663706,0.0,0.08532685593382955,22.0,7083.13,-0.44865146961066316,-0.004183246831774623,-0.29863061371450716,6.0,0.36107217939733705,0.1718189929093556,0.6776652527118193,7.0
2026-01-31,0.12153437298128011,0.10119659326175601,0.4666473748119646,0.06977743930295023,0.009413862528857564,17.44,2.490000000000002,0.5899999999999999,-0.015536077569057838,0.13521292706062482,0.004700063154521095,72.3377,-1.3855000000000075,0.03799921791318828,0.010457516339869244,0.005580357142857206,0.017480057880495677,-0.03686635944700467,0.08020408163265302,132.48622131347656,6.61669921875,-0.0036,-0.002,0.024,0.09073800030663706,0.09688884057879094,0.10210120724224665,0.9012533470877562,26.327730265504975,32.84325028960393,0.09559981578820727,0.0,0.09073800030663706,20.0,7998.47,-0.48368399760879754,-0.08257080070758871,-0.38877672205326586,6.0,0.3008103203891092,0.23069674097988743,0.568414659963519,12.0
2026-02-28,0.012412533470877563,0.14216623955508112,0.5299980758976819,0.0695597072700563,-0.034410916648482726,19.86,2.419999999999998,0.30000000000000027,-0.0006558576252002624,0.11790233891640067,0.03618032581174413,74.1644,0.11199999999999477,0.05683046978253037,0.026281208935611033,-0.01114827201783719,0.03404735114390619,-0.04629629629629628,0.10831960461285006,168.62986755371094,15.149932861328125,0.0103,0.0326,0.038,0.09559981578820727,0.09055489067622464,0.10214685613723179,-6.806839772825046,45.13750463597301,33.6127419389946,0.13023208658323907,0.0,0.09559981578820727,19.0,8098.37,-0.4965805467268859,0.08443339898390945,-0.41933108386009554,6.0,0.26067905200145597,0.19235471513570787,0.4125941665056983,45.0
2026-03-31,-0.06506839772825046,0.06887850872390722,0.5748798843853677,0.07865612778370178,-0.048704078148402274,25.25,5.390000000000001,0.5999999999999996,0.02690220276189237,0.10328165743614393,-0.0029992575422839174,72.9787,-0.16570000000000107,0.1541190857575916,0.09736842105263155,-0.028921023359288145,0.09369573385863182,-0.04225352112676051,0.08544753399634675,119.86540985107422,15.926200866699219,-0.0118,0.0064,0.027999999999999997,0.13023208658323907,0.10552330089269447,0.10331217130154198,32.233316691242266,62.13491414906839,,0.11140930752233284,0.0,0.13023208658323907,22.0,7588.2,-0.3298390217332391,-0.41235984740514897,-0.5620943684047582,3.0,0.1944494764682439,0.22303358850251054,0.1603334023607372,25.0
2026-04-30,0.32513316691242267,0.27247730265504977,0.9095066706353734,0.1431650679882109,0.14229949615284987,16.89,-8.36,0.7200000000000002,-0.019724801597449826,0.08952628336330082,-0.0153093079593416,71.0102,-1.3275000000000006,0.16870955592837333,0.11973684210526314,-0.0401785714285714,0.1092440051258258,-0.04694835680751175,0.05032057509228682,330.17681884765625,197.6905975341797,-0.0518,0.0067,0.0329,0.11140930752233284,0.11241373663125975,0.091563621021998,19.711027717555787,6.515520024098955,,0.1326765508886184,0.0,0.11140930752233284,21.0,10503.7,-0.428520464418251,-0.25752371286215714,-0.5035558131566209,3.0,0.7749690474084714,0.1701771635046532,0.5685469771209217,15.0
2026-05-31,0.20001027717555786,0.46007504635973007,0.991897831078095,0.14456328815780844,0.08026335697942955,15.32,-1.5700000000000003,0.7600000000000002,0.00174532236148206,0.0873929201717838,0.01683967093067218,71.4359,-2.728499999999997,0.2548189051996159,0.199208443271768,-0.03678929765886285,0.15482398671531353,-0.05607476635514019,0.08577742065086391,250.28366088867188,81.65379333496094,0.09949999999999999,0.0046,-0.0137,0.1326765508886184,0.12477264833139678,0.09438158773598908,10.190569740270341,-11.524762696978406,,0.2257894720364535,1.0,0.1326765508886184,20.0,12829.38,-0.36968805121915593,0.3013423587447688,-0.4442354042786033,3.0,0.7932723646731374,0.22773595019778609,0.3968016944681393,63.0
2026-06-30,0.1048056974027034,0.6299491414906839,0.9433692406968,0.13745191533457152,-0.02853933958428989,16.45,1.129999999999999,0.5700000000000003,0.017068584057350122,0.11835468377135494,0.041948452591372254,73.6646,0.6858999999999895,0.24978565794437402,0.2741721854304635,-0.03459821428571419,0.17166248340289592,-0.051886792452830344,0.08372183372183373,203.5819854736328,83.7165756225586,0.049100000000000005,-0.0265,-0.0231,0.2257894720364535,0.15662511014913494,0.10711537968007194,-23.38607743372717,,,0.18299112032625478,,0.2257894720364535,21.0,14246.96,-0.36353598307829094,-0.03866491576601372,-0.3778245982955899,3.0,0.20665283674257043,0.20925597476174354,0.5451397181753045,7.0
2026-07-31,-0.2307607743372717,0.07405520024098955,0.7016028919899586,0.19714172287604215,-0.03256382168706473,15.99,-0.4599999999999991,0.9199999999999999,-0.010151848285236298,0.1487282601834481,0.019793857060082853,74.3637,3.353499999999997,0.27833530106257376,0.30400000000000005,-0.03240223463687153,0.1872533739494848,-0.07075471698113212,0.09167950693374416,179.9416961669922,-150.23512268066406,-0.010700000000000001,0.0436,0.0358,0.18299112032625478,0.18048571441710892,0.11769977975119943,1.6707449964784251,,,0.11288221977257212,,0.18299112032625478,22.0,11311.08,-0.33677616512391606,0.041988236369886245,-0.42505482777649084,3.0,0.9419484971977875,0.2128042030064457,0.5756026296566837,12.0
2026-08-31,0.01960744996478425,-0.10634762696978406,0.7103880748411164,0.19683239417779483,0.03854163413176792,14.92,-1.0700000000000003,0.8399999999999999,-0.009531224248348735,0.11857270679167975,0.02376512929017771,75.377,3.9410999999999916,0.27028106868637725,0.3271028037383177,-0.04138702460850119,0.19838954254506713,-0.05660377358490576,0.08496732026143783,167.53224182128906,-82.75141906738281,-0.006,-0.0012,0.021099999999999997,0.11288221977257212,0.17388760404509349,0.12141370153581343,,,,,,0.11288221977257212,21.0,11535.05,-0.2495768571288598,-0.03493994248689425,-0.44491086529743307,3.0,0.6983881298035867,0.22837757169641582,0.3934503660552625,58.0
